No,Name,Formula,Atoms,Description,FunFact,FormationReason
1,"น้ำบริสุทธิ์ (Water)","H₂O","H:2|O:1","ภารกิจแรกคือปรุงน้ำใสแจ๋วที่มีอยู่ทั่วร่างกายเรา! ใช้ไฮโดรเจน 2 ตัว และออกซิเจน 1 ตัวนะจ๊ะ","น้ำเกิดจากก๊าซเบาอย่างไฮโดรเจนและออกซิเจน แต่เมื่อรวมร่างกันจะกลายเป็นน้ำต้านไฟ","ออกซิเจนต้องการอิเล็กตรอนเพิ่ม 2 ตัวจึงเกิดพันธะโคเวเลนต์เดี่ยวร่วมกับไฮโดรเจน 2 อะตอม"
2,"ก๊าซออกซิเจนหายใจ","O₂","O:2","สูดลมหายใจเข้าลึกๆ แก๊สนี้คอยเกื้อหนุนชีวิตให้เราและช่วยทำให้กองฟืนลุกไหม้","ออกซิเจนเป็นสารแก๊สที่ไม่ติดไฟด้วยตัวเอง แต่เป็นพันธมิตรที่จำเป็นเพื่อให้ไฟลุกไหม้ได้","อะตอมออกซิเจนทั้งสองตัวต่างแชร์อิเล็กตรอนร่วมกันคนละ 2 คู่ เกิดเป็นพันธะคู่ที่เสถียร"
3,"คาร์บอนไดออกไซด์","CO₂","C:1|O:2","แก๊สหายใจออกของพวกเรา แต่พืชใบเขียวกลับรักมาก เพราะพืชใช้สังเคราะห์แสงสร้างอาหาร","เมื่อนำคาร์บอนไดออกไซด์มารวมตัวอัดฟองซ่าลงในเครื่องดื่ม ก็จะได้น้ำโซดาซ่าส์ตาสว่าง","คาร์บอนแชร์อิเล็กตรอนกับออกซิเจน 2 อะตอม อะตอมละ 2 คู่ เกิดพันธะคู่แบบเส้นตรงไม่มีขั้ว"
4,"แก๊สไนโตรเจนเฉื่อยชา","N₂","N:2","แก๊สลึกลับลอยปะปนอยู่ในอากาศรอบตัวเรามากที่สุดถึง 78 เปอร์เซ็นต์","ยอดนิยมนำมาอัดในถุงขนมขบเคี้ยวเพื่อกันเน่าเสียและรักษาความกรอบแสนอร่อย","ไนโตรเจนจับคู่แชร์อิเล็กตรอนกันถึง 3 คู่เกิดเป็นพันธะสาม แข็งแกร่งสลายยากและเฉื่อยชามาก"
5,"แก๊สโอโซนปกป้องโลก","O₃","O:3","ก๊าซกลิ่นฉุนอ่อนๆ ทำหน้าที่เป็นเกราะเวทมนตร์กรองรังสี UV จากแสงแดดไม่ให้ทำร้ายผิวเรา","แม้อยู่ชั้นบรรยากาศสูงจะมีประโยชน์มาก แต่ถ้าลอยต่ำลงมาใกล้พื้นจะกลายเป็นมลพิษแสบจมูก","ออกซิเจน 3 อะตอมสร้างพันธะโคเวเลนต์แบบเรโซแนนซ์ ทำให้พลังงานเกาะเกี่ยวสูงและไม่เสถียร"
6,"กรดเกลือสลายเนื้อ","HCl","H:1|Cl:1","กรดแก่พลังกัดกร่อนสูงที่มีอยู่ในกระเพาะอาหารเพื่อช่วยย่อยสารอาหารชิ้นใหญ่","แม้จะกัดผิวภายนอกรุนแรง แต่เยื่อเมือกในท้องช่วยป้องกันไม่ให้ท้องเราโดนกรดเกลือทำร้าย","ไฮโดรเจนแชร์อิเล็กตรอนร่วมกับคลอรีน เกิดขั้วที่คลอรีนดึงประจุลบสูง ละลายน้ำจึงแตกตัวง่าย"
7,"โซดาไฟขจัดท่อตัน","NaOH","Na:1|O:1|H:1","เบสเข้มข้นที่นำมาใช้ละลายเศษไขมันและสิ่งปฏิกูลที่อุดตันอยู่ในท่อน้ำยาวิเศษ","หากนำโซดาไฟไปผสมกับน้ำมันมะพร้าวและต้มให้ร้อน จะได้สบู่ก้อนถูตัวฟองนุ่มอย่างไม่น่าเชื่อ","โซเดียมบวกจับกับไฮดรอกไซด์ลบด้วยพันธะไอออนิก ละลายน้ำปลดปล่อยประจุลบทำลายคราบมัน"
8,"แอมโมเนียดมฟื้นไข้","NH₃","N:1|H:3","แก๊สกลิ่นฉุนสะดุดจมูกใช้ดมเรียกสติคนเป็นลมให้ลืมตาพึ่บพั่บตาสว่างขึ้นมาทันที","แอมโมเนียเป็นสารตั้งต้นหลักในการผลิตปุ๋ยเคมีบำรุงพืชผักทั่วโลกให้เติบโตงดงาม","ไนโตรเจนดึงไฮโดรเจน 3 ตัวมาสร้างพันธะเดี่ยว เหลือคู่อิสระ 1 คู่เกิดขั้วเป็นด่างระเหยง่าย"
9,"น้ำปูนใสแช่กรอบ","Ca(OH)₂","Ca:1|O:2|H:2","น้ำปูนใสที่ผู้ปรุงยาใช้แช่ผลไม้เชื่อมเพื่อดึงแป้งเนื้อในให้กรอบเด้งตึงหนึบน่าเคี้ยว","เมื่อเราเป่าลมหายใจลงในน้ำปูนใส แก๊สจะทำปฏิกิริยาจนได้ผลึกแป้งสีขาวขุ่นละอองเต็มขวด","แคลเซียมไอออนบวกสองจับกับไฮดรอกไซด์สองก้อน แตกตัวในน้ำให้สภาพเป็นเบสอ่อนจับเนื้อผิว"
10,"กรดกำมะถันแบตเตอรี่รถ","H₂SO₄","H:2|S:1|O:4","กรดกำมะถันความแรงสูงปรี๊ดบรรจุในหม้อแบตเตอรี่เพื่อเป็นสะพานไฟส่งพลังสตาร์ทรถ","กรดนี้หิวน้ำมาก สามารถดึงโมเลกุลน้ำจากกระดาษหรือไม้จนทำให้โครงสร้างกระดาษไหม้ดำเกรียม","กำมะถันอะตอมกลางแชร์ร่วมกับออกซิเจน 4 ตัวล้อมด้วยไฮโดรเจน ยึดพันธะหนาแน่นคายโปรตอนเร็ว"
11,"เกลือแกง (Table Salt)","NaCl","Na:1|Cl:1","นำโลหะไวไฟจัดอย่างโซเดียมมาจับคู่แก๊สพิษคลอรีน กลายเป็นเกลือแกงปรุงรสเลิศซะงั้น","สารอันตรายสองชนิดเมื่อสลับโครงสร้างแลกประจุเสถียร ก็เปลี่ยนร่างกลายเป็นของมีประโยชน์ได้","โซเดียมไอออนบวกรวมพลังดึงดูดคลอรีนไอออนลบด้วยพันธะไอออนิกเกิดผลึกโครงสร้างสามมิติแข็ง"
12,"ปูนขาวปรับสภาพดิน","CaO","Ca:1|O:1","ปูนขาวสีสะอาดตาใช้โรยปรับสภาพดินและน้ำที่เปรี้ยวเค็มให้กลับมาอุดมสมบูรณ์","เมื่อเทปูนขาวลงน้ำ จะคายความร้อนรุนแรงจนน้ำเดือดปุดๆ พวยพุ่งเป็นไอร้อนจัด","โลหะแคลเซียมบริจาคอิเล็กตรอน 2 ตัวให้ออกซิเจนเกิดโครงสร้างไอออนิกเสถียรสูง"
13,"แคลเซียมคลอไรด์กันชื้น","CaCl₂","Ca:1|Cl:2","เกลือเม็ดกลมยอดนักดูดชื้นที่ใส่ในห่อขนมเพื่อป้องกันอากาศชื้นทำให้ขนมหายกรอบ","ทางเมืองหนาวมักโรยสารนี้ละลายน้ำแข็งบนถนนเพราะมันช่วยลดจุดเยือกแข็งของน้ำ","แคลเซียมมอบอิเล็กตรอนให้คลอรีน 2 ตัว ผลึกไอออนิกพร้อมดูดโมเลกุลน้ำในอากาศเข้าช่องว่างผลึก"
14,"สนิมเหล็กผุกร่อน","Fe₂O₃","Fe:2|O:3","คราบแป้งสีแดงอมน้ำตาลที่กัดกินเนื้อเหล็กกล้าให้ผุพังเมื่อโดนความชื้นไอฝนบ่อยๆ","แม้จะทำให้โครงสร้างโลหะผุกร่อน แต่มันคือสีแดงธรรมชาติหลักที่ใช้ระบายภาพฝาผนังถ้ำโบราณ","เหล็กเสียอิเล็กตรอนให้ออกซิเจนในน้ำอากาศจนกลายเป็น Fe3+ รวมตัวออกไซด์ร่วนซุย"
15,"หินปูนสร้างปะการัง","CaCO₃","Ca:1|C:1|O:3","แร่หินปูนธรรมชาติหนาแน่นที่เป็นโครงสร้างหลักของชอล์กเขียนกระดานและเปลือกหอย","หากหยดน้ำส้มสายชูใส่หินปูน จะทำปฏิกิริยาสลายตัวเกิดแก๊สเดือดพองฟู่ฟ่าพุ่งกระจาย","แคลเซียมบวกสองดึงดูดคาร์บอเนตลบสองด้วยแรงประจุสูง ไม่ละลายน้ำเกิดโครงสร้างเปลือกแข็ง"
16,"เกลือคลอไรด์เหล็กสอง","FeCl₂","Fe:1|Cl:2","เกลือเหล็กเปลี่ยนผ่านสีเขียวอ่อนสวยงามใช้ในงานอุตสาหกรรมบำบัดน้ำเสีย","สีของเกลือนี้เกิดจากเหล็กซึ่งเป็นธาตุทรานซิชันเปลี่ยนประจุยืดหยุ่นแสดงสีสันในน้ำ","เหล็กส่งมอบอิเล็กตรอน 2 ตัวให้คลอรีน 2 ตัว เกิดพันธะไอออนิกที่สลับระดับพลังงานสีแสงได้"
17,"ผงฟูเบกกิ้งโซดา","NaHCO₃","Na:1|H:1|C:1|O:3","ผงปรุงสีขาวสำหรับใส่ในแป้งเค้กเพื่อดันเนื้อแป้งให้พองโตฟูนุ่มน่ารับประทาน","ความลับคือเมื่อได้รับความร้อนอบในเตา จะสลายตัวเร่งปล่อยแก๊สฟองดันเนื้อแป้งพองตัว","โซเดียมบวกจับกับไฮโดรเจนคาร์บอเนตลบ สลายตัวไวเมื่อโดนกรดหรือความร้อนคายก๊าซซ่า"
18,"โซดาแอชบำบัดน้ำ","Na₂CO₃","Na:2|C:1|O:3","เกลือโซเดียมคาร์บอเนตสำหรับใส่เพื่อดึงตะกอนน้ำกระด้างปรับน้ำให้ใสสะอาดในสระ","เป็นหนึ่งในวัตถุดิบโบราณที่นำไปต้มหลอมร่วมกับทรายแก้วด้วยความร้อนสูงเพื่อผลิตกระจก","โซเดียม 2 อะตอมสละประจุบวกให้คาร์บอเนตลบสอง ละลายน้ำได้ดีดึงจับโลหะอื่นตกตะกอน"
19,"เฟอร์ริกคลอไรด์กัดวงจร","FeCl₃","Fe:1|Cl:3","เกลือเหล็กสามสีเหลืองน้ำตาลเข้มข้นที่ช่างไฟฟ้าใช้เทกัดทองแดงเพื่อทำแผนวงจร","เมื่อผสมน้ำจะได้สารละลายสีส้มเข้มที่กัดกร่อนแผ่นโลหะทองแดงอย่างรวดเร็วเป็นพิเศษ","เหล็กให้ประจุกับคลอรีน 3 ตัว เกิดไอออน Fe3+ ประจุหนาแน่นสูงหิวโหยดึงอิเล็กตรอนทองแดง"
20,"แก๊สซัลเฟอร์ไตรออกไซด์","SO₃","S:1|O:3","แก๊สพิษควันสีขาวที่พวยพุ่งจากโรงงานเคมีและถ่านหิน ตัวสร้างปัญหาฝนกรด","เมื่อควันแก๊สนี้ลอยไปแตะละอองน้ำในก้อนเมฆจะรวมตัวกลายเป็นกรดกำมะถันตกใส่ป่าทันที","กำมะถันอะตอมกลางจับคู่แชร์อิเล็กตรอนร่วมกับออกซิเจน 3 ตัวอย่างสมบูรณ์แบบไม่ละเลยกฎ"
21,"แก๊สคาร์บอนมอนอกไซด์","CO","C:1|O:1","แก๊สไม่มีสีไม่มีกลิ่นที่เป็นภัยเงียบจากการเผาไหม้ไม่สมบูรณ์ของท่อไอเสียรถ","อันตรายมากเพราะหากสูดดมเข้าไปจะทำให้ง่วงซึมเนื่องจากแย่งจับเลือดเก่งกว่าออกซิเจน","คาร์บอนแชร์อิเล็กตรอนกับออกซิเจน 3 คู่รวมทั้งพันธะประสานพร้อมจับฮีโมโกลบินในเลือด"
22,"แก๊สไข่เน่าภูเขาไฟ","H₂S","H:2|S:1","แก๊สกลิ่นแสบเหม็นฉุนรุนแรงเหมือนไข่เน่าพังทลาย มักพบบริเวณดินโคลนหรือบ่อน้ำพุร้อน","แม้กลิ่นจะเหม็นมาก แต่ปริมาณจิ๋วช่วยควบคุมระบบประสาทและปรับสมดุลเลือดในร่างกายเรา","กำมะถันแชร์พันธะเดี่ยวกับไฮโดรเจน 2 อะตอมในมุมเฉียงคล้ายน้ำแต่ยืดหยุ่นและระเหยง่ายกว่า"
23,"แก๊สโพรเพนถัง LPG","C₃H₈","C:3|H:8","แก๊สหุงต้มสีใสบรรจุอัดความดันสูงในถังเหล็กเพื่อใช้งานสปาร์คปุ่มไฟในครัว","เมื่ออยู่ในถังเหล็กจะโดนบีบอัดจนแปรสภาพจากแก๊สเบาหวิวกลายเป็นของเหลวไหลไปมา","สายโซ่คาร์บอนต่อกันเดี่ยวๆ 3 ตัวล้อมรอบด้วยไฮโดรเจน 8 อะตอมโครงสร้างเสถียรติดไฟแรง"
24,"กรดน้ำส้มสายชู","C₂H₄O₂","C:2|H:4|O:2","กรดเปรี้ยวจี๊ดเหยาะชามก๋วยเตี๋ยวรสเด็ด ได้จากการหมักแป้งและผลไม้ด้วยยีสต์","ช่วยยับยั้งการเจริญเติบโตของเชื้อราจึงนิยมนำมาใช้เป็นน้ำยาดองผลไม้แสนอร่อย","มีหมู่กรดคาร์บอกซิล (-COOH) ยึดอยู่ปลายคาร์บอน ละลายน้ำแตกตัวคายฤทธิ์กรดเปรี้ยวเด่น"
25,"แก๊สหัวเราะดมสลบ","N₂O","N:2|O:1","แก๊สผ่อนคลายความเครียดสะกดประสาทในวงการแพทย์ช่วยให้ผู้ป่วยเคลิ้มหลับง่าย","วงการรถแข่งมักอัดแก๊สนี้เข้าเครื่องยนต์เพื่อเพิ่มแรงขับพุ่งทะยานด้วยความเร็วสูง","ไนโตรเจน 2 ตัวหันมาจับสลับแชร์กับออกซิเจน โครงสร้างเรโซแนนซ์สมมาตรเบาลอยแทรกประสาท"
26,"แก๊สซัลเฟอร์ไดออกไซด์","SO₂","S:1|O:2","แก๊สกลิ่นฉุนเปรี้ยวจัดเกิดจากการเผากำมะถัน ใช้ถนอมผลไม้อบแห้งไม่ให้เปลี่ยนสี","ช่วยป้องกันบ่มเนื้อเหลืองของเนื้อแอปเปิ้ลและกล้วยตากไม่ให้เกิดคราบราเน่าเสีย","กำมะถันแชร์อิเล็กตรอนกับออกซิเจนเกิดมุมงอ 120 องศา เหลือคู่อิสระพร้อมจับความชื้นถนอมเนื้อ"
27,"แก๊สไนโตรเจนไดออกไซด์","NO₂","N:1|O:2","แก๊สพิษควันสีน้ำตาลแดงแสบตาที่พบบ่อยบริเวณผืนฟ้าเหนือเมืองใหญ่ที่มีการจราจรหนาแน่น","เมื่อโดนแสงแดดกระตุ้นจะทำปฏิกิริยากับฝุ่นควันแปรสภาพเป็นหมอกพิษและฝนกรดทำลายป่า","ไนโตรเจนมีอิเล็กตรอนคี่เดี่ยวเหลืออยู่รอบนอกหลังจับออกซิเจน โครงสร้างไม่เสถียรแสบร้อนรวดเร็ว"
28,"ผลึกเกลือโซเดียมซัลเฟต","Na₂SO₄","Na:2|S:1|O:4","เกลือแร่สีขาวใช้ในอุตสาหกรรมผงซักฟอกเพื่อช่วยกระจายเม็ดแป้งละลายน้ำล้างคราบสกปรก","เมื่อเตรียมผลึกสารนี้ละลายน้ำ จะได้สภาพนำไฟฟ้าคงตัวยอดเยี่ยมใช้ในงานแบตเตอรี่ดิน","โซเดียม 2 ไอออนบวกยึดเกาะกับกลุ่มซัลเฟตประจุลบสองด้วยพันธะไอออนิกเรียงตัวแห้งหนาแน่น"
29,"แคลเซียมคาร์ไบด์แก๊สแกง","CaC₂","Ca:1|C:2","แร่ก้อนแข็งสีเทาเข้มที่ชาวสวนผลไม้ใช้บ่มกล้วย มะม่วงดิบให้สุกเหลืองสวยงาม","เมื่อโยนก้อนหินนี้ลงน้ำจะทำปฏิกิริยาปะทุเดือดเกิดก๊าซติดไฟระเบิดพุ่งพวยอย่างน่าทึ่ง","แคลเซียมไอออนยึดเหนี่ยวคาร์บอนไอออนลบพันธะสาม สลายตัวฉับพลันปล่อยแก๊สอะเซทิลีนร้อน"
30,"เกลือไอรอนสามซัลเฟต","Fe₂(SO₄)₃","Fe:2|S:3|O:12","เกลือแร่อุตสาหกรรมสีเหลืองแดง ใช้ในงานตกตะกอนปรับแต่งบำบัดน้ำใสในแม่น้ำอ่างเก็บน้ำ","ช่วยดึงคราบสิ่งสกปรกและโลหะพิษตกตะกอนจมก้นแม่น้ำได้อย่างมีประสิทธิภาพ","ไอออน Fe3+ สองก้อนเข้าคู่ไอออนิกกับซัลเฟตสามก้อน สร้างผลึกประจุสูงมากกัดสีดึงตกผลึกเก่ง"
31,"กรดน้ำส้มสายชูเจือจาง 1","C₂H₄O₂·H₂O","C:2|H:6|O:3","สูตรสารละลายน้ำส้มสายชูชนิดเบาบางที่มีน้ำปะปนอยู่ 1 โมเลกุลสำหรับการทำอาหารคลีน","ช่วยเพิ่มรสเปรี้ยวอ่อนๆ ละมุนลิ้นกลิ่นไม่ฉุนจนแสบคอเกินไปสำหรับปรุงน้ำสลัด","โมเลกุลน้ำ 1 ตัวทำพันธะไฮโดรเจนอุ้มหมู่คาร์บอกซิลของกรดน้ำส้มไว้ไม่ให้คายกรดเร็วเกินไป"
32,"โซดาไฟสูตรละลายน้ำ 1","NaOH·H₂O","Na:1|O:2|H:3","เบสโซดาไฟเจือจางที่มีน้ำจับเหนี่ยวแน่นอยู่ 1 ส่วนเพื่อป้องกันความร้อนจัดปะทุ","การเติมน้ำช่วยลดปฏิกิริยากัดกร่อนฉับพลันของแผ่นสังกะสีสบู่ทำให้ปรุงสารได้นุ่มมือขึ้น","โมเลกุลน้ำ 1 ตัวโอบล้อมประจุบวกลบของโซเดียมไฮดรอกไซด์ลดความไวของการกระจายตัว"
33,"แก๊สหัวเราะเจือจางน้ำ 1","N₂O·H₂O","N:2|O:2|H:2","แก๊สไนตรัสออกไซด์แปรสภาพรวมกับความชื้นน้ำ 1 ตัวเพื่อควบคุมเสถียรการระเบิด","ช่วยรักษาระดับความเย็นในถังเก็บแก๊สแรงดันสูงไม่ให้เกิดการขยายตัวฉับพลันระเบิดขึ้น","ขั้วลบของออกซิเจนในโมเลกุลน้ำจับคู่ดึงประจุขั้วบวกของแก๊สไนตรัสทำให้การเคลื่อนไหวช้าลง"
34,"เกลือแกงเหลวสูตรน้ำ 1","NaCl·H₂O","Na:1|Cl:1|H:2|O:1","น้ำผลึกของเกลือแกงโซเดียมคลอไรด์ที่มีน้ำจับตัวอยู่ในผลึก 1 อัตราส่วน","ในธรรมชาติพบบริเวณเหมืองเกลือใต้ดินที่มีไอน้ำสะสมแทรกตัวในผลึกแห้งสีสวย","โมเลกุลน้ำ 1 ตัววิ่งเข้ายึดเหนี่ยวในโครงสร้างตาข่ายไอออนิกของโซเดียมและคลอรีนแบบแห้ง"
35,"กรดเกลือผสมน้ำอ่อนๆ","HCl·H₂O","H:3|Cl:1|O:1","กรดไฮโดรคลอริกละลายน้ำในระดับความเข้มข้นสูงที่มีน้ำรวมอยู่ 1 โมเลกุล","ใช้กัดล้างพู่กันโลหะแปรธาตุในตำราเวทมนตร์เพื่อขจัดขี้ผงสนิมฝังแน่นลึก","โปรตอนจากกรดเกลือกระโดดไปฟอร์มตัวกับน้ำเป็นไอออน Hydronium (H3O+) จับกับคลอไรด์"
36,"แก๊สโอโซนสูตรเสถียรน้ำ","O₃·H₂O","O:4|H:2","แก๊สโอโซนปกป้องโลกที่มีโมเลกุลความชื้นรวมตัวอยู่ 1 ส่วนเพื่อรักษาความเสถียร","นิยมนำไปผ่านเครื่องผลิตเพื่อพ่นสเปรย์ฆ่าเชื้อกลิ่นอับในอากาศตู้เสื้อผ้ายาเกรดดี","น้ำดึงเหนี่ยวโครงสร้างเรโซแนนซ์ของโอโซนไว้ช่วยชะลอการสลายร่างกลับเป็นแก๊สออกซิเจน O2"
37,"น้ำสลัดปรุงรสเบกกิ้งโซดา","NaHCO₃·H₂O","Na:1|H:3|C:1|O:4","เบกกิ้งโซดาผงฟูสูตรความชื้นน้ำ 1 โมเลกุลเพื่อชะลอปฏิกิริยาการคายแก๊สก่อนอบจริง","ช่วยรักษาโครงสร้างผลึกผงฟูให้คงสภาพแห้งไม่ชื้นจับตัวเป็นก้อนแข็งเมื่อเก็บยาวนาน","โมเลกุลน้ำล้อมกรอบประจุบวกลบชะลอการดึงประจุจากโปรตอนภายนอกจนกว่าจะเข้าเตาอบร้อน"
38,"โซดาแอชสูตรคาร์บอเนตน้ำ 1","Na₂CO₃·H₂O","Na:2|C:1|O:4|H:2","ผลึกเกลือโซเดียมคาร์บอเนตโมโนไฮเดรตที่มีโมเลกุลน้ำรวมอยู่ในผลึก 1 ส่วน","พบในอุตสาหกรรมทำผงซักฟอกแบบแห้งเม็ดกลมที่ไม่จับตัวเป็นก้อนแข็งเมื่อโดนความชื้นอากาศ","โมเลกุลน้ำ 1 ตัวทำหน้าที่เป็นกาวประสานในช่องว่างโครงผลึกช่วยล็อกประจุให้แห้งคงตัว"
39,"เฟอร์ริกคลอไรด์สูตรน้ำ 1","FeCl₃·H₂O","Fe:1|Cl:3|H:2|O:1","เกลือเหล็กสามกัดกรดลายทองแดงที่มีโมเลกุลน้ำดึงยึดโครงสร้างเกลือไว้ 1 ตัว","ช่วยหน่วงความไวในการกัดแผ่นทองแดง ทำให้ขอบลายวงจรอิเล็กทรอนิกส์คมกริบไม่แหว่งหลุด","น้ำ 1 ตัวส่งอิเล็กตรอนแชร์พันธะโคออร์ดิเนตเพิ่มรอบไอออนเหล็ก Fe3+ ชะลอความไวปฏิกิริยา"
40,"แก๊สกำมะถันไตรออกไซด์ชื้น 1","SO₃·H₂O","S:1|O:4|H:2","ก๊าซซัลเฟอร์ไตรออกไซด์จับไอชื้นน้ำ 1 โมเลกุล ค่อยๆ แปรสภาพกลายเป็นหมอกกรด","เป็นขั้นตอนจำลองสัญญะของการเกิดฝนกรดในระดับไมโครก่อนสลายเป็นฝนตกสาดป่า","กำมะถันดึงออกซิเจนจากน้ำรวมกับแกนเดิมเกิดโครงสร้างซัลฟิวริกจับตัวคายฤทธิ์กรดฉับพลัน"
41,"แร่ยิปซัมปูนพลาสเตอร์","CaSO₄","Ca:1|S:1|O:4","แร่ยิปซัมธรรมชาติสีขาวนวลเนื้อละเอียด ใช้ทำปูนพลาสเตอร์หล่อโมเดลรูปปั้นสวยงาม","เมื่อผสมน้ำจะคืนตัวเกิดโครงผลึกขยายตัวแข็งคงรูปแกร่งเหมาะสำหรับงานหล่อเฝือกกระดูก","แคลเซียมสองบวกจับแน่นกับไอออนซัลเฟตลบสองเกิดโครงผลึกไอออนิกที่ไม่ละลายน้ำเกือบ 100%"
42,"แก๊สอาร์กอนแก๊สขี้เกียจ","Ar","Ar:1","แก๊สเฉื่อยไม่มีสีไม่มีกลิ่นที่ลอยปะปนในอากาศ นิยมนำมาบรรจุในหลอดไฟเรืองแสงวาว","ด้วยความเฉื่อยชาจัด ไม่ติดไฟและไม่ระเบิด จึงใช้กักเติมช่องว่างหน้าต่างกระจกสองชั้น","วงโคจรนอกสุดมีอิเล็กตรอนเต็ม 8 ตัวตามกฎออกเตตโดยธรรมชาติ ไม่ต้องการจับเพื่อนธาตุใดเลย"
43,"แร่วูลฟราไมต์เหล็กทังสเตน","FeWO₄","Fe:1|W:1|O:4","แร่อโลหะทรานซิชันสีดำสนิท แหล่งผลิตทังสเตนสำหรับทำไส้หลอดไฟสว่างร้อนรุนแรง","ทังสเตนมีจุดหลอมเหลวสูงที่สุดในบรรดาโลหะทั้งหมด ทนทานไฟเตาหลอมแปรธาตุเคมีได้เยี่ยม","เหล็กสองบวกจับกลุ่มพันธะไอออนิกกับไอออนลบทังสเตต เกิดผลึกแน่นหนักทนความร้อนสูงปรี๊ด"
44,"เกลือโพแทสเซียมคลอไรด์","KCl","K:1|Cl:1","เกลือแร่สีขาวรสเค็มต่ำ ใช้ปรุงรสอาหารสำหรับผู้ป่วยคุมโรคความดันโลหะเหลว","โพแทสเซียมเป็นสารอาหารสำคัญที่ระบบเซลล์ประสาทและกล้ามเนื้อหัวใจเราต้องการทำงาน","โพแทสเซียมสละประจุบวกให้คลอรีนลบ เกิดผลึกไอออนิกเค็มนำไฟฟ้าดีเลิศสลายเกรดต่ำ"
45,"น้ำแก๊สคลอรีนฆ่าเชื้อ","Cl₂","Cl:2","แก๊สคลอรีนสองอะตอมจับคู่กัน ใช้เติมบำบัดกำจัดเชื้อโรคสิ่งสกปรกในสระน้ำและน้ำประปา","กลิ่นฉุนกึกเฉพาะตัวของน้ำในสระว่ายน้ำ เกิดจากแก๊สคลอรีนทำลายย่อยสิ่งสกปรกสะสม","คลอรีนสองตัวขาดอิเล็กตรอนตัวละหนึ่ง จึงตกลงแชร์ร่วมกัน 1 คู่เกิดพันธะเดี่ยวเสถียรสีเหลืองเขียว"
46,"แก๊สฮีเลียมเบาลอยสูง","He","He:1","แก๊สเบาสุดน่ารักสำหรับอัดลูกโป่งสวรรค์ให้ลอยละล่องขึ้นสู่ฟ้านำส่งสารคำอธิษฐาน","ปลอดภัยกว่าแก๊สไฮโดรเจนมากเพราะฮีเลียมเป็นแก๊สเฉื่อยไม่ยอมจุดติดไฟระเบิดใดๆ","มีอิเล็กตรอนวงนอกเต็ม 2 ตัวในวงจรแรก เสถียรเสร็จสิ้นในตัวเองไม่จับคู่ใครเลยเสรีเวทมนตร์"
47,"เกลือลวงตาโพแทสเซียมไอโอไดด์","KI","K:1|I:1","เกลือแร่สำคัญใช้ทำน้ำยาไอโอดีนใส่แผลสด หรือเติมในเกลือแกงป้องกันโรคเอ๋อคอพอก","เมื่อผสมกับไฮโดรเจนเปอร์ออกไซด์และสบู่เหลว จะปะทุเดือดเกิดโฟมหนายักษ์พุ่งเหมือนยาสีฟันช้าง!","โพแทสเซียมส่งอิเล็กตรอนให้ไอโอดีนเกิดพันธะไอออนิกผลึกขาวละลายน้ำสูงคายไอโอดีนเร็ว"
48,"กรดฟอสฟอริกแก๊สโคล่า","H₃PO₄","H:3|P:1|O:4","กรดอ่อนที่มีกลิ่นหอมเฉพาะเหยาะใส่ในน้ำอัดลมโคล่ารสชาติดำมืดเพิ่มความเปรี้ยวซ่าสะใจ","นอกจากแต่งรสเครื่องดื่มแล้ว ยังนิยมนำมาใช้ทากัดพื้นผิวโลหะแรกลอกคราบสนิมเหล็กให้ใสกิ๊ก","ฟอสฟอรัสแชร์อิเล็กตรอนร่วมกับออกซิเจน 4 ตัวพ่วงด้วยโปรตอนไฮโดรเจน 3 แขนละลายน้ำดีหนืด"
49,"เกลือลิเทียมโครงแบตเตอรี่","LiCl","Li:1|Cl:1","เกลือแร่ผลึกขาวของลิเทียมคลอไรด์ ใช้ในวงการแปรธาตุเพื่อควบคุมความชื้นโรงงานใหญ่","ลิเทียมมีน้ำหนักอะตอมเบามาก ยอดนิยมนำมาพัฒนาเป็นแกนขั้วแบตเตอรี่ลิเทียมพลังงานสูง","ลิเทียมบริจาคอิเล็กตรอน 1 ตัวให้คลอรีนเกิดพันธะไอออนิกเสถียรเบาส่งประจุไฟฟ้าไวจัด"
50,"แร่ซัลไฟด์สังกะสีเรืองแสง","ZnS","Zn:1|S:1","แร่สังกะสีซัลไฟด์วิเศษสีขาวแกมเทาที่เคลือบฉากตรวจสแกนรังสีของเหล่านักวิทย์โบราณ","ความลับคือเมื่อแร่ก้อนนี้ได้รับแรงกระตุ้นจากรังสีหรือรังสี UV จะเปล่งแสงเรืองรองในที่มืดปุ๊บ!","สังกะสีสองบวกจับกลุ่มเกลือผลึกไอออนิกกับกำมะถันลบสองเกิดผลึกที่สลับชั้นแสงเรือง"
51,"ไฮโดรคาร์บอนแอลเคน: บิวเทน","C₄H₁₀","C:4|H:10","โมเลกุลแก๊สติดไฟง่ายใช้บรรจุอัดกระป๋องในปืนพ่นไฟครัวพกพา ปรุงคาร์บอน 4 ไฮโดรเจน 10","เป็นแก๊สที่ระเหยและแปลงร่างเป็นของแข็งเหลวไหลง่ายมากเมื่อบีบอัดภายใต้แรงดันสูง","คาร์บอน 4 ตัวจับกันเป็นแกนตรงเดี่ยวล้อมกรอบด้วยไฮโดรเจน 10 แขนเสถียรไม่เหนี่ยวน้ำ"
52,"ไฮโดรคาร์บอนแอลเคน: เพนเทน","C₅H₁₂","C:5|H:12","โมเลกุลน้ำยาเหลวใสจุดไฟวาบที่ละลายไขมันได้ดีเยี่ยม ใช้สกัดน้ำมันสมุนไพรโบราณ","เพนเทนที่อุณหภูมิห้องเป็นของเหลวระเหยเร็วมากกวาดคราบมันสะอาดในกระดาษกิ๊ก","แกนคาร์บอน 5 ตัวต่อสายยาวพันธะเดี่ยว แขนรอบนอกอิ่มตัวด้วยไฮโดรเจน 12 ตัวกระจายตัวราบ"
53,"ไฮโดรคาร์บอนแอลเคน: เฮกเซน","C₆H₁₄","C:6|H:14","ตัวทำละลายอินทรีย์หลักที่ใช้วิ่งผ่านเครื่องสกัดดึงน้ำมันถั่วเหลืองในโรงงานขนาดใหญ่","เฮกเซนล้างคราบมันหนาแน่นในเครื่องจักรเวทมนตร์แปรธาตุได้หมดจดแห้งไวหายหมดตัว","คาร์บอน 6 ตัวฟอร์มเส้นตรงยึดพันธะโคเวเลนต์เดี่ยวกับไฮโดรเจน 14 ตัวไม่มีขั้วโมเลกุลใหญ่ขึ้น"
54,"แก๊สแอลคีน: เอทิลีน","C₂H₄","C:2|H:4","ฮอร์โมนแก๊สธรรมชาติสำหรับเร่งผลไม้ดิบให้สุกเหลืองหวานฉ่ำพร้อมกันทั้งสวน","ชาวสวนนิยมเด็ดผลไม้มารองใบไม้แห้งรวมกับแก๊สเอทิลีนเพื่อเร่งความหวานสุกงอม","คาร์บอน 2 ตัวแชร์ร่วมกัน 2 คู่เกิดพันธะคู่หนึ่งแขนและล้อมไฮโดรเจน 4 แขนว่องไวปฏิกิริยา"
55,"แก๊สแอลคีน: โพรพีลีน","C₃H₆","C:3|H:6","แก๊สแอลคีนไม่อิ่มตัวขนาด 3 คาร์บอน วัตถุดิบต้นกำเนิดหลักสำหรับทำถุงพลาสติกทนทาน","เมื่อนำโพรพีลีนไปจับต่อสายยาวพ่วงร้อยเรียงกัน จะได้พลาสติกพอลิโพรพีลีนทำแก้วน้ำแข็งแกร่ง","คาร์บอน 3 ตัวมีพันธะเดี่ยวและคู่พ่วงกัน ดึงดูดไฮโดรเจน 6 อะตอมมีโครงสร้างว่องไวปะทุเคมี"
56,"แก๊สแอลคีน: บิวทีลีน","C₄H₈","C:4|H:8","แก๊สไฮโดรคาร์บอนไม่อิ่มตัว 4 คาร์บอน ใช้ในอุตสาหกรรมยางรถยนต์เวทมนตร์ทนความร้อน","ยางสังเคราะห์จากแก๊สบิวทีลีนมีความยืดหยุ่นและกักเก็บลมไม่ให้รั่วซึมไหลออกนอกล้อได้วิเศษ","คาร์บอน 4 ตัวเรียงแถวมีพันธะคู่ 1 จุดช่วยเหนี่ยวนำข้ามระดับพลังงานจับไฮโดรเจน 8 แขน"
57,"แก๊สแอลคีน: เพนทีลีน","C₅H₁₀","C:5|H:10","ของเหลวระเหยง่ายไม่อิ่มตัวโครงสร้าง 5 คาร์บอน ใช้สังเคราะห์หัวน้ำหอมกลิ่นดอกไม้ป่า","หัวน้ำหอมสกัดจากเพนทีลีนให้กลิ่นติดผิวกายหอมรัญจวนละมุนละไมดึงดูดใจพ่อมด","คาร์บอน 5 ตัวพ่วงพันธะคู่ช่วยสอยกิ่งก้านไฮโดรเจน 10 อะตอมให้ลอยระเหยหอมฟุ้งกระจายในน้ำ"
58,"แก๊สแอลคีน: เฮกซีลีน","C₆H₁₂","C:6|H:12","สารประกอบอินทรีย์ไม่อิ่มตัว 6 คาร์บอน ใช้สกัดสีธรรมชาติตราตรึงทนแดดทนฝนลมพัด","ใช้ปรุงปรับสมดุลสีย้อมผ้าเวทมนตร์โบราณให้สีติดทนนานเสื้อผ้าซักกี่ครั้งสีก็ยังสว่างแจ๋ว","คาร์บอน 6 ตัวเรียงพ่วงคู่ว่องไวหนึ่งแขนจับกุมไฮโดรเจน 12 อะตอมมีจุดหลอมต่ำน้ำหนักหนัก"
59,"แก๊สแอลคีน: บิวทีลีนความเข้มข้น 1","C₄H₈·H₂O","C:4|H:10|O:1","สารละลายบิวทีลีนชื้นน้ำยาผสมความชื้น 1 โมเลกุลชะลอการเกาะตัวเป็นพลาสติกเหลว","ช่วยรักษาเสถียรสภาพแก๊สบิวทีลีนกระป๋องไม่ให้ทำปฏิกิริยากับลมก่อนใช้งานจริง","น้ำ 1 ตัวทำพันธะไฮโดรเจนล้อมขอบพันธะคู่ของบิวทีลีนลดแรงขับเคลื่อนการเชื่อมโยงตัวเอง"
60,"แก๊สแอลคีน: เพนทีลีนความเข้มข้น 1","C₅H₁₀·H₂O","C:5|H:12|O:1","สูตรผสมน้ำเพนทีลีนเหลวเพื่อป้องกันการปะทุไฟเมื่อเปิดฝาขวดแก้วยาแปรธาตุเคมี","ความเปียกชื้นของน้ำช่วยกดไอระเหยของเพนทีลีนไม่ให้พุ่งลอยมาปะทะประกายไฟจุดเตาต้ม","โมเลกุลน้ำอุ้มพ่วงจับกลุ่มลอยตัวเหนือชั้นผิวเพนทีลีนคอยขวางไอแก๊สระเหยพุ่งขึ้นบน"
61,"เกลือแกงลวงตาน้ำ 2","NaCl·2H₂O","Na:1|Cl:1|H:4|O:2","ผลึกเกลือโซเดียมคลอไรด์ไดไฮเดรตที่มีโมเลกุลน้ำกักเก็บในโครงสร้างแห้ง 2 ตัว","พบในคริสตัลเกลือสมุทรลึกที่ตกผลึกในถ้ำเย็นจัดช่วยรักษาแร่ธาตุความเค็มให้กลมกล่อม","โมเลกุลน้ำ 2 ตัวประกบประจุบวกของโซเดียมและลบของคลอรีนในพิกัดช่องข่ายอย่างเสถียร"
62,"ปูนขาวปรับดินสูตรน้ำ 2","CaO·2H₂O","Ca:1|O:3|H:4","ปูนขาวธรรมชาติที่ผ่านกระบวนการคายความร้อนเรียบร้อยชุ่มชื้นน้ำอุ้ม 2 โมเลกุล","ช่วยลดความร้อนคายเมื่อโปรยโรยใส่น้ำ ทำให้สัตว์น้ำในอ่างแก้วไม่ช็อกอุณหภูมิร้อนตาย","น้ำ 2 ตัวอุ้มล้อมอะตอมแคลเซียมคาร์บอเนตลดความไวการทำปฏิกิริยาเกิดด่างอ่อนๆ ปลอดภัย"
63,"แคลเซียมคลอไรด์ดูดชื้นน้ำ 2","CaCl₂·2H₂O","Ca:1|Cl:2|H:4|O:2","ผลึกเกลือแคลเซียมคลอไรด์ไดไฮเดรตที่มีน้ำอุ้มกักกักในโครงแห้งแน่น 2 สัดส่วน","นิยมทำเป็นแผ่นยาเคลือบในกล่องดูดชื้นใช้ตั้งในตู้ป้องกันเสื้อผ้าขึ้นราอับชื้น","ไอออนแคลเซียมดึงโมเลกุลน้ำ 2 ตัวเข้าจับเกาะพันธะไอออนโคออร์ดิเนตผลึกไม่แฉะไหล"
64,"สนิมเหล็กน้ำยาชื้น 2","Fe₂O₃·2H₂O","Fe:2|O:5|H:4","สนิมเหล็กสูตรเปียกชื้นน้ำปะปนในเนื้อสนิมผุกร่อนหนาขึ้น 2 เท่าตัวจุดสีเข้ม","เป็นปฏิกิริยาจำลองสนิมเหล็กที่เกิดใต้ดินโคลนแฉะลึกที่โครงสร้างเหล็กจะสลายเร็วมาก","เหล็กสามบวกสองอะตอมเกาะออกไซด์สามและพ่วงจับโมเลกุลน้ำ 2 ตัวเกิดชั้นคราบผุยร่วนซุย"
65,"หินปูนปูนกินหมากน้ำ 2","CaCO₃·2H₂O","Ca:1|C:1|O:5|H:4","แร่หินปูนธรรมชาติผลึกไดไฮเดรตที่สะสมกักเก็บน้ำในผลึกแร่แข็งเกรดเบาชื้น 2 ตัว","พบในคราบผลึกหินงอกหินย้อยตามถ้ำหินปูนชื้นเย็นช่วยรักษาลวดลายแร่ให้วาววับสวยงาม","โมเลกุลน้ำ 2 ตัวแทรกเกาะในโครงประสานของแคลเซียมคาร์บอเนตเพิ่มความเหนียวยืดหยุ่น"
66,"เกลือเหล็กสองไดไฮเดรต","FeCl₂·2H₂O","Fe:1|Cl:2|H:4|O:2","ผลึกเกลือคลอไรด์ของเหล็กสองที่มีโมเลกุลน้ำจับเหนี่ยวแน่นยึดโครง 2 สัดส่วน","ให้สีเขียวมรกตสดใสวาววับกว่าผลึกแห้งธรรมดา ใช้ย้อมเคลือบเนื้อแก้วเครื่องปั้น","น้ำ 2 ตัววิ่งเข้าชิงตำแหน่งส่งอิเล็กตรอนประสานรอบ Fe2+ ขยับพลังแสงสะท้อนสีเขียวเด่น"
67,"ผงฟูชื้นเตาอบน้ำ 2","NaHCO₃·2H₂O","Na:1|H:5|C:1|O:5","เบกกิ้งโซดารุ่นอุ้มน้ำ 2 โมเลกุลชะลอปฏิกิริยาการสุกของเนื้อขนมเค้กให้อบได้ทั่วถึง","ช่วยยืดเวลาการดันเนื้อแป้งเค้กให้ค่อยพองช้าๆ เนียนละเอียดไม่เป็นโพรงอากาศใหญ่กลวง","น้ำ 2 ตัวจับหน่วงประจุไฮโดรเจนคาร์บอเนตไม่ให้สลายตัวคายแก๊ส CO2 ก่อนแป้งจะเซ็ตตัวร้อน"
68,"โซดาแอชปรับค่าน้ำสูตรชื้น 2","Na₂CO₃·2H₂O","Na:2|C:1|O:5|H:4","ผลึกเกลือโซเดียมคาร์บอเนตไดไฮเดรตใช้ชะลอการทำปฏิกิริยากับหินปูนในสระว่ายน้ำ","ช่วยให้น้ำค่อยๆ ปรับค่ากรดเบสสมดุลนุ่มนวลทีละนิดไม่ทำให้ผิวผู้ว่ายระคายเคืองแสบคัน","น้ำ 2 ตัวขัดขวางการเข้าปะทะของไอออนโซเดียมช่วยควบคุมอัตราละลายกระจายประจุคงที่"
69,"เฟอร์ริกคลอไรด์น้ำชื้น 2","FeCl₃·2H₂O","Fe:1|Cl:3|H:4|O:2","เกลือเหล็กสามกัดกรดชื้นน้ำ 2 ตัว เพื่อหน่วงความไวในการผลิตแผนวงจรอินเวทมนตร์","เหมาะสำหรับสลักลายลายปริ้นที่มีขนาดจิ๋วละเอียดมากเป็นพิเศษเพื่อควบคุมความคมชัด","น้ำ 2 ตัวล้อมรอบแกน Fe3+ เพิ่มแรงกีดขวางทางพื้นที่สปาเชียลหน่วงทองแดงไม่ให้หลุดพุช"
70,"แก๊สกำมะถันฝนกรดชื้น 2","SO₃·2H₂O","S:1|O:5|H:4","ก๊าซซัลเฟอร์ไตรออกไซด์จับไอความชื้นแน่นหนาขึ้น 2 โมเลกุลจำลองเมฆฝนพิษหนาทึบ","ฝนกรดระดับความหนาแน่นสองกัดกร่อนหลังคาบ้านกระเบื้องและรูปปั้นหินทรายสลายราบ","กำมะถันสอยออกซิเจนจับโมเลกุลน้ำสองก้อนพร้อมแตกโปรตอนเป็นกรดกำมะถันเหลวเข้มข้น"
71,"แก๊สโพรเพนชื้นน้ำ 2","C₃H₈·2H₂O","C:3|H:12|O:2","แก๊สเชื้อเพลิงโพรเพนกระป๋องสูตรพ่นผสมความชื้นไอหมอกน้ำ 2 ส่วนเพื่อล้างเขม่าไฟ","ช่วยให้เปลวไฟปรุงอาหารใสสะอาดไม่มีเขม่าควันสีดำจับก้นหม้อดินต้มยาแปรธาตุ","น้ำ 2 ตัวเข้าสลับล้อมรอบสายโซ่คาร์บอนช่วยลดอุณหภูมิยอดเปลวทำให้เผาไหม้สมบูรณ์เกลี้ยง"
72,"กรดน้ำส้มสายชูสูตรน้ำ 2","C₂H₄O₂·2H₂O","C:2|H:8|O:4","กรดน้ำส้มสายชูไดไฮเดรตที่มีโมเลกุลน้ำโอบล้อมอุ้มไว้ 2 ตัวลดความเปรี้ยวจัดเปรี้ยวแสบ","เป็นระดับเปรี้ยวกลมกล่อมที่นิยมเหยาะปรุงรสชามอาหารเด็กๆ ปลุกประสาทสัมผัสหอมละมุน","น้ำ 2 ตัวช่วยทำหน้าที่กระจายประจุโปรตอนล้อมหมู่กรดไม่ให้ระเหยส่งกลิ่นฉุนฉุนกึกเกินไป"
73,"แก๊สหัวเราะดมสลบน้ำชื้น 2","N₂O·2H₂O","N:2|O:3|H:4","แก๊สไนตรัสออกไซด์ไดไฮเดรตใช้ชะลอการสลายตัวของถังออกซิเจนเวชภัณฑ์ในโรงพยาบาล","ช่วยรักษาความชื้นในปอดของคนไข้เมื่อต้องดมแก๊สสลบเป็นเวลาสลบนานไม่ให้คอแห้งไอระคาย","โมเลกุลน้ำ 2 ตัวจับคู่ประสานล้อมโมเลกุลแก๊สชะลอการระเหยและสร้างฟิล์มไอชื้นเคลือบผนัง"
74,"แก๊สซัลเฟอร์ไดออกไซด์ชื้น 2","SO₂·2H₂O","S:1|O:4|H:4","แก๊สซัลเฟอร์ไดออกไซด์จับชื้นน้ำ 2 ส่วน แปรรูปเป็นสารซัลไฟต์น้ำถนอมอาหารระดับสูง","ช่วยถนอมสีเนื้อผลไม้อบแห้งและองุ่นไวน์ให้เนื้อไม่ดำเกรียมแม้เก็บไว้นานแรมปีข้ามภพ","น้ำ 2 ตัวทำพันธะไฮโดรเจนรอบกำมะถันและออกซิเจนชะลอการระเหยของควันแก๊สให้คงตัว"
75,"แก๊สไนโตรเจนไดออกไซด์ชื้น 2","NO₂·2H₂O","N:1|O:4|H:4","แก๊สไนโตรเจนไดออกไซด์จับชื้นน้ำ 2 ส่วน ฟอร์มตัวเป็นกลุ่มหมอกควันสีน้ำตาลแดงแฉะชื้น","ทำให้เกิดปัญหาทัศนวิสัยต่ำระคายเคืองตาและแสบคออย่างรุนแรงเมื่อลอยตัวต่ำในป่าเวทมนตร์","ไนโตรเจนคี่ประจุดึงโมเลกุลน้ำสองก้อนเข้าทำปฏิกิริยารีดักชันเบาบางเตรียมเป็นกรดไนตริก"
76,"น้ำเกลือไอออนโซเดียมเข้มข้น","NaCl·H","Na:1|Cl:1|H:1","เกลือแกงที่ผสมอะตอมไฮโดรเจนอิสระ 1 ตัวเพื่อประจุแปรธาตุในตำราเวทมนตร์การรักษากาย","ช่วยเร่งนำกระแสไฟฟ้าในน้ำเกลือให้ส่งประจุไฟฟ้าอ่อนๆ เข้าบำบัดรักษาบาดแผลสดได้วิเศษ","ไฮโดรเจนบวกเข้าสอดแทรกระว่างตาข่ายคลอไรด์ลบเกิดประจุไฟฟ้านำเหนี่ยวนำขั้วดีเยี่ยม"
77,"ปูนขาวปรับน้ำสูตรไฮโดร","CaO·H","Ca:1|O:1|H:1","ปูนขาวธรรมชาติที่ผสมไฮโดรเจนอิสระ 1 ตัวเพื่อเร่งอัตราการละลายในน้ำสระเกลือเปรี้ยว","ละลายไวขึ้น 2 เท่าตัวปรับค่าสภาพดินกรดได้เร็วทันตาเห็นปลูกข้าวสาลีโตไวพุ่งพรวด","ไฮโดรเจนบวกเข้าแทรกแซงประจุลบของออกไซด์เร่งการสลายผลึกไอออนิกให้กระจายตัวราบ"
78,"แคลเซียมคลอไรด์สูตรไฮโดร","CaCl₂·H","Ca:1|Cl:2|H:1","เกลือดูดความชื้นที่มีอะตอมไฮโดรเจนกระตุ้นประจุยึดเหนี่ยวโมเลกุลน้ำได้ฉับไวขึ้น","ช่วยจับไอระเหยน้ำชื้นในอากาศได้เร็วทันใจแห้งกิ๊กในพริบตากล่องกันชื้นทำงานแกร่ง","ไฮโดรเจนเพิ่มขั้วประจุบวกให้โครงผลึกไอออนิกเร่งดึงประจุลบออกซิเจนในไอชื้นเข้าจับพิกัด"
79,"สนิมเหล็กสูตรกระตุ้นประจุไฮโดร","Fe₂O₃·H","Fe:2|O:3|H:1","สนิมเหล็กผุกร่อนสีแดงที่มีไฮโดรเจนเข้าทำปฏิกิริยาลึกเร่งการผุกร่อนทะลุแกนในโลหะ","จำลองสนิมกัดกินใต้ท่อน้ำโลหะเหล็กปะปนกรดเกลือสลัดโครงสร้างหลุดพังทลายเป็นผงสีส้ม","ไฮโดรเจนบวกเร่งปฏิกิริยารีดักชันของเหล็กคายอิเล็กตรอนเร็วกว่าปรกติผุกร่อนทะลุทะลวง"
80,"หินปูนปูนขาวสูตรไฮโดร","CaCO₃·H","Ca:1|C:1|O:3|H:1","หินปูนธรรมชาติที่มีไฮโดรเจนสอดแทรกโครงสร้างเตรียมแปรสภาพเป็นแร่ชอล์กเขียนสัญญะ","เนื้อหินปูนจะนุ่มนิ่มขึ้นเขียนลากสลักวงแหวนเวทมนตร์บนกระดานดำได้ลื่นมือเส้นไม่ขาด","ไฮโดรเจนบวกเข้าจับคาร์บอเนตลบเกิดสลับชั้นพันธะลดความเปราะแกร่งกลายเป็นแร่ชอล์กนุ่ม"
81,"เกลือเหล็กสองสูตรไฮโดร","FeCl₂·H","Fe:1|Cl:2|H:1","เกลือคลอไรด์เหล็กสองที่มีไฮโดมัดใจไฮโดรเจนช่วยปรับระดับขั้วสีสันสีเขียวให้เรืองรอง","คราบละอองเขียวเรืองรองลอยบนน้ำต้มยาสร้างทัศนวิสัยสวยงามเหมาะสำหรับงานแต่งภาพสี","ไฮโดรเจนส่งผลให้เกิดการกระจัดประจุใน d-orbital ของ Fe2+ สะท้อนสีเขียวเจิดจ้าสดใสน่าทึ่ง"
82,"ผงฟูสูตรเพิ่มพลังฟูไฮโดร","NaHCO₃·H","Na:1|H:2|C:1|O:3","เบกกิ้งโซดาผงฟูที่มีไฮโดรเจนสองแขนเพื่อเร่งการคายแก๊สพองตัวฟูเต็มที่เตาอบ","ช่วยดันเนื้อขนมปังอบหนานุ่มให้พองโตฟูขึ้นรูปทรงปุยเมฆน่ากินรสชาติละมุนลิ้นดีเด่น","ไฮโดรเจนที่เพิ่มเข้ามาเปลี่ยนประจุผงฟูให้แตกตัวคายแก๊ส CO2 ปริมาณมากเร่งดันอากาศขึ้น"
83,"โซดาแอชปรับค่าน้ำสูตรไฮโดร","Na₂CO₃·H","Na:2|C:1|O:3|H:1","ผลึกเกลือโซเดียมคาร์บอเนตที่มีไฮโดรเจนเพิ่มขั้วละลายจับคราบมันในสระน้ำเด่นชัด","ขจัดสิ่งสกปรกสะสมตามซอกแผ่นกระเบื้องสระน้ำให้ขาวสะอาดเงางามตาสะดวกปลอดภัย","ไฮโดรเจนเพิ่มประสิทธิภาพการดึงไอออนบวกของคราบมันโลหะหนักตกตะกอนจมลงลึกก้นหม้อ"
84,"เกลือเหล็กสามสูตรไฮโดร","FeCl₃·H","Fe:1|Cl:3|H:1","เกลือเหล็กสามกัดแผ่นทองแดงเติมประจุไฮโดรเจนช่วยเร่งดึงประจุขยายลายทองแดง","ช่วยหน่วงความไวในการกัดกรดทำให้ขอบลายวงจรอิเล็กทรอนิกส์ในเครื่องแปรธาตุคมกริบ","ประจุบวกของไฮโดรเจนเหนี่ยวนำขั้วทำให้เหล็กสามไอออนดึงอิเล็กตรอนของทองแดงได้เร็วยิ่งขึ้น"
85,"แก๊สซัลเฟอร์ไตรออกไซด์สูตรไฮโดร","SO₃·H","S:1|O:3|H:1","แก๊สกำมะถันไตรออกไซด์ผสมไฮโดรเจนจำลองสภาวะแวดล้อมเกิดไอกรดพร้อมทำปฏิกิริยา","เป็นโมเลกุลสะสมพลังงานสูงที่พร้อมระเบิดฟู่ฟ่าพ่นหมอกกรดเมื่อหยดโดนของเหลว","อะตอมกำมะถันจับออกซิเจนร่วมกับไฮโดรเจนเกิดโครงสร้างกรดบางเบาที่คอยทำลายความแกร่งเนื้อแร่"
86,"แก๊สชีวภาพมีเทนสูตรไฮโดร","CH₄·H","C:1|H:5","แก๊สมีเทนผสมไฮโดรเจนอิสระ 1 ตัว เพิ่มประสิทธิภาพการปะทุประกายไฟเตาต้มแปรธาตุ","เปลวไฟจุดต้มยาจะพุ่งสว่างสีฟ้าใสคายความร้อนสูงจัด ปรุงสารเดือดพล่านในพริบตา","ไฮโดรเจนที่ปนเข้ามาเร่งความเร็วในการรวมตัวและแตกไอระเหยเมื่อทำปฏิกิริยากับก๊าซออกซิเจน"
87,"เอทานอลล้างแผลสูตรไฮโดร","C₂H₆O·H","C:2|H:7|O:1","เอทิลแอลกอฮอล์เติมไฮโดรเจนอิสระ เร่งกระบวนการทำลายเยื่อหุ้มเซลล์ของเชื้อแบคทีเรีย","ช่วยล้างทำความสะอาดเครื่องมือแปรแร่ให้แห้งกิ๊กอย่างฉับไว หมดคราบสนิมคราบเขม่าจับแน่น","ไฮโดรเจนเพิ่มขั้วไฟฟ้าบวกให้กับหมู่ไฮดรอกซีส่งผลให้ซึมสลายกำจัดเยื่อเซลล์เชื้อโรคได้แกร่งขึ้น"
88,"คาร์บอนมอนอกไซด์สูตรไฮโดร","CO·H","C:1|O:1|H:1","แก๊สเขม่าท่อไอเสียกระตุ้นประจุไฮโดรเจนเพิ่มพลังขับเคลื่อนเครื่องยนต์ไอน้ำเวทมนตร์","นิยมใช้ขับดันลูกสูบเพื่อหมุนก้านผสมสารพัดโบกในถังต้มยาขนาดใหญ่คงที่สม่ำเสมอ","ไฮโดรเจนสอดแทรกทำพันธะเดี่ยวกับออกซิเจนทำให้โมเลกุลคาร์บอนพร้อมปลดปล่อยความร้อน"
89,"แก๊สเอทิลีนบ่มผลไม้สูตรไฮโดร","C₂H₄·H","C:2|H:5","ฮอร์โมนแก๊สธรรมชาติเติมไฮโดรเจนประจุบวก บ่มเร่งเนื้อผลไม้ป่าดิบสุกหวานอย่างทวีคูณ","ช่วยร่นระยะเวลาบ่มมะม่วงดิบและกล้วยป่าจากสามคืนเหลือคืนเดียว เนื้อหวานสุกสวยดกดี","ไฮโดรเจนอิสระเข้าทำลายมุมสลับของพันธะคู่เอทิลีนทำให้โมเลกุลเคลื่อนไหวไปกระตุ้นเซลล์พืชไว"
90,"แก๊สไข่เน่าสูตรไฮโดร","H₂S·H","S:1|H:3","แก๊สไฮโดรเจนซัลไฟด์ที่มีไฮโดรเจนกระตุ้นประจุให้ว่องไวในการส่งกลิ่นเหม็นไข่เน่าคละคลุ้ง","กลิ่นฉุนรุนแรงปะทุปุดฟองง่ายมาก ใช้ดมช่วยเรียกสติคนไข้เป็นลมช็อกให้ฟื้นคืนตัวฉับพลัน","ไฮโดรเจนที่เพิ่มเข้ามาสลัดพันธะความหนืดทำให้กลุ่มซัลไฟต์ระเหยกลายเป็นไอฉุนพวยพุ่งพุ่งสูง"
91,"แก๊สโพรเพนสูตรไฮโดร","C₃H₈·H","C:3|H:9","แก๊สโพรเพนเชื้อเพลิงถังที่มีไฮโดรเจนนำทางประจุเพิ่มอัตราความแรงปืนพ่นไฟเตาต้มยา","ช่วยให้สปาร์คจุดเตาหลอมติดง่ายคุมระดับความร้อนไฟคงที่คงวาปรุงยารสชาติกลมกล่อม","ไฮโดรเจนประจุบวกช่วยล้างคราบนิลถ่านและเหนี่ยวนำเปลวไฟให้อิ่มตัวสลายเขม่าควันสีดำเกลี้ยง"
92,"กรดน้ำส้มสายชูสูตรไฮโดร","C₂H₄O₂·H","C:2|H:5|O:2","กรดน้ำส้มเปรี้ยวจัดสอดแทรกไฮโดรเจน แตกตัวคายความเปรี้ยวกรดขจัดคราบหยาบตะกรัน","เช็ดล้างคราบปูนขาวจับแน่นขอบปากถังต้มยาให้ลื่นสะอาดวิบวับเหมือนใหม่ไม่ด่างผุย","ไฮโดรเจนบวกสอยเหนี่ยวรั้งหมู่คาร์บอกซิลละลายน้ำให้ฤทธิ์กรดเข้มทำลายคราบหินปูนสลายเร็ว"
93,"แก๊สหัวเราะสูตรไฮโดร","N₂O·H","N:2|O:1|H:1","แก๊สไนตรัสออกไซด์ผสมไฮโดรเจนอิสระเร่งสลายความเจ็บปวดสะกดประสาทอย่างทันท่วงที","ใช้ดมคนไข้ประสบอุบัติเหตุรุนแรงฉับพลันเพื่อให้จิตใจสงบผ่อนคลายและเข้าทำแผลล้างสะอาด","ไฮโดรเจนเพิ่มความเร็วในการแพร่ของแก๊สผ่านเนื้อเยื่อถุงลมปอดส่งตรงเข้าสู่สมองควบคุมสลบ"
94,"แก๊สซัลเฟอร์ไดออกไซด์สูตรไฮโดร","SO₂·H","S:1|O:2|H:1","แก๊สกำมะถันที่มีไฮโดรเจนอิสระเพิ่มขั้วประจุขีดความสามารถรักษาสีสันองุ่นป่าทำไวน์","องุ่นจะรักษารสชาติสดฉ่ำไม่เน่าบูดราเกาะค้างคืน รักษาเนื้อไวน์ให้สว่างใสกิ๊กหอมหวานดี","ไฮโดรเจนบวกเร่งอัตราเกิดเกลือซัลไฟต์เคลือบผิวผลไม้ป้องกันการเติบโตของราพืชป่าได้ลึก"
95,"แก๊สไนโตรเจนไดออกไซด์สูตรไฮโดร","NO₂·H","N:1|O:2|H:1","แก๊สควันมลพิษสีน้ำตาลแดงเหนี่ยวนำประจุไฮโดรเจนเตรียมจับกลุ่มความชื้นในป่าแปรธาตุ","จำลองสัญญะของกลุ่มหมอกควันพิษสะสมระคายเคืองคอระคายตาขณะเดินทางป่าทัศนวิสัยต่ำ","ไฮโดรเจนอิสระขยับจับขั้วประจุคี่ของไนโตรเจนพุ่งตัวจับความชื้นแปรสภาพเป็นกรดสลายใบพืช"
96,"เกลือแกงลวงตาน้ำ 3","NaCl·3H₂O","Na:1|Cl:1|H:6|O:3","ผลึกเกลือโซเดียมคลอไรด์ความชื้นน้ำ 3 โมเลกุล ถนอมแร่ธาตุตัวยาสมุนไพรแห้งยาวนาน","รักษาสภาพน้ำมันธรรมชาติและสารสกัดสมุนไพรไม่ให้ระเหยเหี่ยวแห้งเมื่อเก็บรักษาในขวดไห","น้ำ 3 โมเลกุลเข้าทำพันธะล้อมประจุบวกลบของเกลือแกงช่วยตรึงสภาพผลึกคงรูปไม่แตกร่วนผุย"
97,"ปูนขาวปรับดินสูตรน้ำ 3","CaO·3H₂O","Ca:1|O:4|H:6","ปูนขาวธรรมชาติชุ่มชื้นอุ้มน้ำ 3 อัตราส่วน ปล่อยความร้อนแฝงบางเบาและมีความเป็นด่างคงที่","ยอดนิยมสำหรับใช้ปรับดินเพาะสปอร์เห็ดป่าสีฟ้านวลให้เติบโตผลิดอกสว่างไสวเต็มพิกัด","น้ำ 3 ตัวกางเกราะขัดขวางการเข้าปะทะออกซิเจนช่วยให้การละลายปรับสภาพเบสอ่อนโยนต่อพืช"
98,"แคลเซียมคลอไรด์ดูดชื้นน้ำ 3","CaCl₂·3H₂O","Ca:1|Cl:2|H:6|O:3","เกลือดูดชื้นแคลเซียมคลอไรด์อุ้มน้ำ 3 ตัว รักษาความเสถียรของแผ่นแร่ในกล่องควบคุมชื้น","ล็อกความชื้นส่วนเกินสะสมในตู้เก็บตำรายาโบราณไม่ให้แผ่นกระดาษขึ้นราดำเน่าผุกร่อน","แคลเซียมและคลอรีนล้อมด้วยน้ำ 3 โมเลกุลเกิดโครงสร้างกึ่งอิ่มตัวแต่ยังอุ้มความชื้นใหม่ได้ต่อเนื่อง"
99,"สนิมเหล็กน้ำยาชื้น 3","Fe₂O₃·3H₂O","Fe:2|O:6|H:6","คราบสนิมเหล็กผุกร่อนไดไฮเดรตที่มีน้ำยึดหน่วง 3 ตัว จำลองผิวสากบางเบาหนาสีส้มเข้ม","ปรากฏบ่อยบนแผ่นดาบเหล็กกล้าโบราณที่ปักแช่ในดินเลนแฉะลึกใต้หนองน้ำเวทมนตร์","เหล็กสามบวกร่วมพันธะกับออกไซด์และโมเลกุลน้ำ 3 โมเลกุลทำลายแรงยึดโลหะแข็งให้ผุสลายร่าง"
100,"หินปูนปูนกินหมากน้ำ 3","CaCO₃·3H₂O","Ca:1|C:1|O:6|H:6","ผลึกแร่หินปูนธรรมชาติอุ้มชื้นน้ำ 3 สัดส่วน แหล่งผลิตแป้งพอกเนื้อพลองไม้ลดแรงกระแทก","ช่วยพยุงผิวไม้พลองเวทมนตร์ไม่ให้เกิดรอยแตกร้าวเสียหายเมื่อควงสลับท่าปรุงยาเร็วแรง","โมเลกุลน้ำ 3 ตัวแทรกเกาะในโครงผลึกตาข่ายคาร์บอนเนตเพิ่มความยืดหยุ่นยึดเหนี่ยวทนทานยิ่งขึ้น"
101,"สารกลุ่มแอลกอฮอล์: โพรพานอล","C₃H₈O","C:3|H:8|O:1","โพรพิลแอลกอฮอล์ใสที่ใช้ในอุตสาหกรรมน้ำยาทำความสะอาดแผ่นเลนส์แว่นเวทมนตร์","แอลกอฮอล์นี้ละลายและเช็ดคราบไขมันและคราบนิ้วมือบนกระจกออกได้หมดจดเกลี้ยงใสกิ๊ก","แกนคาร์บอน 3 ตัวสร้างพันธะเดี่ยวโคเวเลนต์พ่วงหมู่ไฮดรอกซี (-OH) ละลายน้ำและน้ำมันได้ดี"
102,"สารกลุ่มแอลกอฮอล์: บิวทานอล","C₄H₁₀O","C:4|H:10|O:1","แอลกอฮอล์ที่มีสายโซ่ 4 คาร์บอน ใช้เป็นส่วนผสมหลักในการปรุงแต่งกลิ่นผลไม้แอปเปิ้ลเขียว","ให้กลิ่นหอมสะอาดสดชื่นฉบับธรรมชาตินิยมนำมาหยดเคลือบสมุนไพรแห้งรมควันสว่างวาบ","แกนคาร์บอน 4 ตัวต่อกันพันธะเดี่ยวอิ่มตัวจับคู่แชร์กับไฮโดรเจน 10 และออกซิเจน 1 ตัวคงรูป"
103,"สารกลุ่มแอลกอฮอล์: เพนทานอล","C₅H₁₂O","C:5|H:12|O:1","แอลกอฮอล์ขนาดใหญ่ 5 คาร์บอน ใช้เป็นน้ำยาปรับความยืดหยุ่นในอุตสาหกรรมทำหนังสัตว์เทียม","ช่วยให้เนื้วนน้ำสัตว์แปรธาตุนุ่มเด้งดึ๋งเหนียวทนทานไม่เปราะหักพังทลายง่ายเมื่อโดนแดด","คาร์บอน 5 ตัวพ่วงเดี่ยวจับไฮโดรเจน 12 ตัวและออกซิเจน 1 ตัวจุดเดือดสูงลอยระเหยช้ามาก"
104,"สารกลุ่มแอลกอฮอล์: เฮกซานอล","C₆H₁₄O","C:6|H:14|O:1","แอลกอฮอล์สายโซ่ยาว 6 คาร์บอน ใช้สังเคราะห์หัวน้ำหอมกลิ่นหญ้าเขียวตัดใหม่กลางทุ่ง","ให้ความรู้สึกสะอาดหอมละมุนฟุ้งโชยกระตุ้นพลังชีวิตสดใสให้พ่อมดปรุงยาสดชื่น","คาร์บอน 6 ตัวเรียงยาวเหนียวแน่นจับไฮโดรเจน 14 ตัวและออกซิเจน 1 ตัวละลายน้ำยากขึ้นน้ำหนักมาก"
105,"กรดอินทรีย์คาร์บอกซิล: กรดฟอร์มิก","CH₂O₂","C:1|H:2|O:2","กรดมดคันไฟเปรี้ยวแสบระคายผิวหนัง ใช้ป้องกันศัตรูพืชและรักษาสภาพน้ำยางพาราแปรธาตุ","เวลาโดนมดแดงกัดแล้วแสบร้อนคันคะยิก เป็นเพราะมดฉีดกรดฟอร์มิกจิ๋วนี้เข้าใต้ผิวเราน้า","คาร์บอนอะตอมกลางเชื่อมพันธะคู่กับออกซิเจน 1 และเดี่ยวกับออกซิเจน-ไฮโดรเจน (-COOH) แตกตัวดี"
106,"กรดอินทรีย์คาร์บอกซิล: กรดโพรพิโอนิก","C₃H₆O₂","C:3|H:6|O:2","กรดอินทรีย์ที่ชาวขนมปังใช้ทาเคลือบแม่พิมพ์ขนมเพื่อยับยั้งการเจริญเติบโตของราดำ","ช่วยยืดอายุอาหารกล่องแปรธาตุให้คงสภาพสดใหม่ส่งกลิ่นหอมนานวันไม่มีเน่าเสีย","สายโซ่คาร์บอน 3 ตัวมีหมู่กรดสอยอยู่ปลายโมเลกุลมีฤทธิ์กรดอ่อนๆ คอยยับยั้งแบคทีเรีย"
107,"กรดอินทรีย์คาร์บอกซิล: กรดบิวทิริก","C₄H₈O₂","C:4|H:8|O:2","กรดอินทรีย์กลิ่นเหม็นเปรี้ยวรุนแรงฉุนกึกเหมือนกลิ่นเหงื่อสะสมหรือเนยบูดค้างคืน","พบในเนยแท้ที่โดนจุลินทรีย์ย่อยสลายคายแก๊สเปรี้ยวกลิ่นเตะจมูกพ่อมดตาสว่าง","คาร์บอน 4 ตัวพ่วงหมู่คาร์บอกซิลละลายน้ำได้ปานกลางปล่อยโปรตอน H+ เปรี้ยวแรงเปรี้ยวจัด"
108,"กรดอินทรีย์คาร์บอกซิล: กรดวาเลริก","C₅H₁₀O₂","C:5|H:10|O:2","กรดเปรี้ยวสกัดแร่จากรากพืชป่าใช้ทำยาสงบจิตใจระงับประสาทให้หลับสบายฝันดีไร้ภัย","ช่วยปรับสมดุลธาตุลมในร่างกายคนไข้ให้ผ่อนคลายกล้ามเนื้อกระตุกตึงหายเป็นปลิดทิ้ง","คาร์บอน 5 ตัวพ่วงเดี่ยวจับออกซิเจน 2 และไฮโดรเจน 10 ตัวน้ำหนักโมเลกุลมากขยับลอยชั้นกลาง"
109,"กรดอินทรีย์คาร์บอกซิล: กรดเฮกซาโนอิก","C₆H₁₂O₂","C:6|H:12|O:2","กรดไขมันสายสั้นกลิ่นหญ้าแห้งแห้งอับพบบ่อยในมะพร้าวและผลปาล์มแก่จัดคาต้น","ใช้ปรุงปรับสมดุลทำเป็นน้ำยาขัดเงาเครื่องหนังไม้พลองเวทมนตร์ให้เงาวับสะท้อนแสงไฟ","คาร์บอน 6 ตัวเกาะกันแน่นพ่วงหมู่กรดคาร์บอกซิลไม่มีขั้วเด่นชัดละลายในไขมันเยี่ยมยอด"
110,"น้ำยาเจลแช่แผลไฮโดรเจนเปอร์ออกไซด์","H₂O₂","H:2|O:2","น้ำยาล้างแผลวิเศษแผลสดเวลาเหยาะหยดลงไปจะเดือดปุดพวยฟองสีขาวหนานุ่มหนาทึบ","ฟองขาวที่เห็นคือออกซิเจนบริจาคประจุลบทำลายเยื่อหุ้มแบคทีเรียและสลายตัวเป็นน้ำสะอาด","ออกซิเจนสองตัวแชร์อิเล็กตรอนกันเดี่ยวและพ่วงไฮโดรเจนประดับขอบไม่เสถียรคายแก๊สไวจัด"
111,"สารกลุ่มไฮดราซีนจุดบั้งไฟ","N₂H₄","N:2|H:4","สารละลายไฮดราซีนพลังขับดันสูงปรี๊ดที่นักวิทยาศาสตร์โบราณใช้ทำเชื้อเพลิงขับจรวดพุ่ง","ระวังให้ดีเพราะปฏิกิริยาเคมีรวดเร็วคายแก๊สคายความร้อนกระฉูดระเบิดตูมตามไฟลุกพรึ่บ","ไนโตรเจน 2 ตัวต่อพันธะเดี่ยวพ่วงไฮโดรเจน 4 แขนพลังงานเกาะเกี่ยวเบาพร้อมแตกสลายตัวไว"
112,"ปูนพลาสเตอร์สูตรกึ่งผลึกน้ำ","CaSO₄·H₂O","Ca:1|S:1|O:5|H:2","แร่ยิปซัมกึ่งแห้งที่มีโมเลกุลน้ำแทรกตัวเกาะโครงสร้างผลึกเกลือไอออนิก 1 สัดส่วน","ใช้ทำแป้งปัดฝุ่นลอกพิมพ์เขียนรูปทรงโบราณแห้งเร็วเนื้อแข็งพอกตัวทนฝนลมพัดได้ดี","แคลเซียมจับซัลเฟตและมีน้ำ 1 ตัวทำหน้าที่ประสานช่องว่างโครงผลึกช่วยตรึงแร่ให้คงที่"
113,"ผลึกเกลือโซเดียมซัลเฟตน้ำ 1","Na₂SO₄·H₂O","Na:2|S:1|O:5|H:2","เกลือโซเดียมซัลเฟตสูตรอุ้มน้ำความชื้น 1 โมเลกุลสำหรับการรักษาเสถียรแป้งซักฟอก","ช่วยลดคราบฝุ่นผงจับก้อนสีเทาทำให้แป้งร่วนแห้งจับลื่นล้างคราบสกปรกได้สม่ำเสมอดีเลิศ","โมเลกุลน้ำ 1 ตัวโอบล้อมประจุบวกของโซเดียมเหนี่ยวนำแรงดึงดูดไม่ให้ผลึกแห้งเปราะหักพัง"
114,"แร่วูลฟราไมต์ทังสเตนชื้น 1","FeWO₄·H₂O","Fe:1|W:1|O:5|H:2","แร่เหล็กทังสเตนสีเข้มที่มีโมเลกุลน้ำแทรกในรอยร้าวร่องแร่ 1 สัดส่วนช่วยชะลอการกร่อน","นิยมนำไปถลุงในเตาเผาแปรธาตุร้อนเพื่อแยกเอาโลหะทังสเตนบริสุทธิ์มาใช้ผลิตอาวุธแกร่ง","น้ำ 1 ตัวส่งแรงไฮโดรเจนดึงยึดออกไซด์รอบแกนทังสเตนทนทานแรงกดกระแทกเตาหลอมดีเยี่ยม"
115,"เกลือโพแทสเซียมคลอไรด์น้ำชื้น 1","KCl·H₂O","K:1|Cl:1|H:2|O:1","ผลึกเกลือโพแทสเซียมรสเค็มต่ำชื้นน้ำ 1 โมเลกุล ป้องกันการละลายตัวระเหยในตู้แห้ง","ช่วยคุมระดับประจุโพแทสเซียมไอออนไม่ให้หลุดพ้นโครงสร้างเมื่อเจอความร้อนห้อง","น้ำ 1 ตัวแทรกเกาะระหว่างไอออนบวก K+ และไอออนลบ Cl- ชะลอความเร็วการไหลกระแสไฟฟ้า"
116,"แก๊สคลอรีนฆ่าเชื้อชื้น 1","Cl₂·H₂O","Cl:2|H:2|O:1","แก๊สคลอรีนสองตัวเกาะไอน้ำชื้น 1 ส่วน จำลองปฏิกิริยาน้ำคลอรีนบำบัดสิ่งสกปรกในสระ","น้ำยาคลอรีนช่วยฟอกสีและทำลายเกราะหุ้มเซลล์ของไข่ราโรคพืชผักสลัดสะอาดล้างเกลี้ยง","คลอรีนแบ่งแชร์ประจุกระโดดเกาะโมเลกุลน้ำเกิดเป็นกรดไฮโปคลอรัสคายอนุภาคกัดกร่อนเชื้อ"
117,"แก๊สฮีเลียมสูตรประคองชื้น 1","He·H₂O","He:1|H:2|O:1","แก๊สเฉื่อยฮีเลียมที่มีไอความชื้นละอองน้ำล้อมรอบ 1 ส่วนชะลอการขยายลอยขึ้นสูง","ช่วยให้ลูกโป่งสวรรค์ลอยตัวระนาบคงที่ระยะกลางเพื่อตรวจสอบทิศทางลมป่าแปรธาตุ","ฮีเลียมอะตอมเดี่ยวเสรีโดนน้ำทำแรงดึงดูดแวนเดอร์วาลส์ดึงรั้งหน่วงน้ำหนักเบาไม่ให้ลอยพุ่ง"
118,"เกลือโพแทสเซียมไอโอไดด์ชื้น 1","KI·H₂O","K:1|I:1|H:2|O:1","ผลึกโพแทสเซียมไอโอไดด์ที่มีน้ำร่วมในตาข่ายผลึก 1 โมเลกุลชะลอการเปลี่ยนสีเหลือง","เกลือไอโอดีนที่ชื้นน้ำเล็กน้อยจะคงตัวได้ทนทานยาไม่หมดอายุเร็วเมื่อเก็บในลิ้นชักไม้","น้ำ 1 ตัวทำหน้าที่ล็อกประจุไอโอไดด์ลบไม่ให้ทำปฏิกิริยากับออกซิเจนในลมเป็นไอโอดีนอิสระ"
119,"กรดฟอสฟอริกชื้นน้ำ 1","H₃PO₄·H₂O","H:5|P:1|O:5","กรดฟอสฟอริกความชื้นน้ำ 1 โมเลกุลเพื่อใช้ในการล้างคราบตะกรันอ่างล้างจานดินเผา","ช่วยสลายคราบไขสบู่ฝังแน่นหนาตามขอบอ่างให้หลุดออกง่ายดายล้างน้ำสะอาดใสสะอาดกิ๊ก","น้ำ 1 ตัวละลายหน่วงแรงกรดไฮโดรเนียมทำปฏิกิริยากัดเนื้อผิวอ่างดินเผาให้ไม่ด่างเปราะพัง"
120,"เกลือลิเทียมคลอไรด์น้ำชื้น 1","LiCl·H₂O","Li:1|Cl:1|H:2|O:1","เกลือแร่ลิเทียมผลึกชื้นน้ำ 1 โมเลกุลช่วยรักษาเสถียรประจุไฟฟ้าระดับจิ๋วในหม้อแบต","ป้องกันไม่ให้เกิดความชื้นสะสมรุนแรงจนลัดวงจรไฟสปาร์คพังชำรุดในวงจรรถยนต์เวทมนตร์","ลิเทียมบวกส่งแรงดึงดูดโมเลกุลน้ำ 1 ตัวชะลอการเคลื่อนย้ายอิเล็กตรอนคงระดับไฟคงที่"
121,"แร่สังกะสีซัลไฟด์ชื้นน้ำ 1","ZnS·H₂O","Zn:1|S:1|H:2|O:1","แร่เรืองแสงสังกะสีซัลไฟด์ที่มีไอน้ำเกาะผิวแร่ 1 สัดส่วนช่วยประคองอุณหภูมิแผ่แสง","เมื่อตากแดดแร่อุ่นๆ จะค่อยคายไอน้ำและเรืองแสงสีเขียวพรายสว่างนุ่มนวลชวนมองในความมืด","น้ำ 1 ตัวเคลือบผิวแร่ลดการสูญเสียอนุภาคพลังงานข้ามระดับชั้นช่วยให้แสงพรายทนนานขึ้น"
122,"กรดน้ำส้มสายชูสูตรน้ำ 3","C₂H₄O₂·3H₂O","C:2|H:10|O:5","กรดน้ำส้มสายชูไตรไฮเดรตที่มีน้ำโอบอุ้มหนาแน่น 3 โมเลกุลสูตรทำน้ำสลัดเปรียวละมุน","ให้รสเปรี้ยวจางๆ ชวนลิ้นหอมหวานอ่อนๆ เหมาะกับเมนูอาหารสุขภาพพืชผักใบเขียวสะอาด","น้ำ 3 ตัวล้อมโอบรอบหมู่กรดคาร์บอกซิลช่วยหน่วงประจุไฮโดรเนียมไม่ให้แสบระคายปุ่มลิ้น"
123,"โซดาไฟขจัดท่อสูตรน้ำ 3","NaOH·3H₂O","Na:1|O:4|H:7","เบสแก่โซดาไฟเจือจางที่มีโมเลกุลน้ำดึงยึดลดปฏิกิริยาร้อนถึง 3 อัตราส่วน","ปลอดภัยขึ้นเมื่อใช้ขจัดตะกอนดินอุดตันทางระบายอ่างน้ำแก้วแปรธาตุไม่ให้กระจกแตกกร่อน","น้ำ 3 ตัวทำหน้าที่เป็นฟิล์มเหลวหุ้มกั้นประจุไฮดรอกไซด์ปล่อยปฏิกิริยากัดทีละนิดคงทน"
124,"แก๊สหัวเราะชื้นน้ำ 3","N₂O·3H₂O","N:2|O:4|H:6","แก๊สไนตรัสออกไซด์ไตรไฮเดรตใช้ชะลออัตราฉีดแก๊สในกระบอกวิปครีมของหวานให้เนื้อฟูนุ่ม","ช่วยวิปครีมเค้กเนื้อฟูอยู่ตัวยาวนานไม่ละลายน้ำเชื่อมยุบตัวพังทลายง่ายเมื่อตั้งโชว์ร้าน","น้ำ 3 ตัวประสานล้อมโมเลกุลไนตรัสออกไซด์ช่วยลดความดันระเหยสะสมทำให้ครีมฟูจับตัวหนา"
125,"เกลือแกงเหลวสูตรน้ำ 3","NaCl·3H₂O","Na:1|Cl:1|H:6|O:3","น้ำเกลือแร่ผลึกแช่แข็งไดไฮเดรตที่มีน้ำล้อมรอบ 3 โมเลกุลละลายบำบัดผิวพรรณดีเยี่ยม","ใช้ผสมอ่างแช่ตัวสปาเวทมนตร์โบราณช่วยผ่อนคลายกล้ามเนื้อตึงเมื่อยและระบายคราบไคลกิ๊ก","น้ำ 3 ตัวแยกร่างผลึกไอออนิกของเกลือล้อมประจุโซเดียมและคลอรีนส่งประจุเข้าถนอมผิวพรรณ"
126,"กรดเกลือสลายคราบชื้น 3","HCl·3H₂O","H:7|Cl:1|O:3","กรดไฮโดรคลอริกไตรไฮเดรตละลายเจือจางน้ำ 3 ส่วน ใช้ขจัดคราบหินปูนสะสมขอบแก้วยา","ล้างสะอาดใสวิบวับเหมือนใหม่ไม่กัดลายเขียนทองคำโบราณบนเครื่องมือแปรธาตุอันล้ำค่า","น้ำ 3 ตัวล้อมล้อมโปรตอน H+ ปล่อยเป็นไอออนไฮโดรเนียมทำลายเฉพาะหินปูนไม่กร่อนผิวทองคำ"
127,"แก๊สโอโซนสูตรเสถียรน้ำ 3","O₃·3H₂O","O:6|H:6","แก๊สโอโซนปกป้องโลกที่มีโมเลกุลน้ำเหนี่ยวนำรอบโมเลกุลถึง 3 อัตราส่วน","ใช้พ่นสเปรย์ฆ่าเชื้อราลึกบนผิวเปลือกไม้พลองและกระดาษตำราเก่าแก่ไม่ให้เนื้อผุกร่อนกระดาษขาด","น้ำ 3 ตัวเชื่อมโยงพันธะไฮโดรเจนล็อกสมมาตรโอโซนให้ไม่คืนตัวเร็วทำปฏิกิริยาได้นานทนนาน"
128,"ผงฟูอบเค้กสูตรชื้น 3","NaHCO₃·3H₂O","Na:1|H:7|C:1|O:6","เบกกิ้งโซดาผงฟูสูตรไตรไฮเดรตที่มีน้ำยึดหน่วงโครงแห้ง 3 โมเลกุล","ใช้ชะลอปฏิกิริยาในผงทำขนมเค้กกล่องสำเร็จรูปไม่ให้สลายแก๊สเมื่อตั้งเก็บในห้องความชื้นสูง","น้ำ 3 ตัวสร้างชั้นฟิล์มรอบอนุภาคผงฟูช่วยล็อกความนิ่งของประจุไม่ให้คายแก๊สก่อนอบร้อนเตา"
129,"โซดาแอชปรับน้ำชื้น 3","Na₂CO₃·3H₂O","Na:2|C:1|O:6|H:6","ผลึกเกลือโซเดียมคาร์บอเนตไตรไฮเดรตสำหรับค่อยๆ ปรับสภาพน้ำพุร้อนในสวนพ่อมดให้ใสสะอาด","ช่วยยับยั้งการเจริญเติบโตของตะไคร่น้ำสีเขียวเกาะกำแพงหินสระน้ำน้ำใสสะอาดสดชื่นมองเห็นปลา","น้ำ 3 ตัวหน่วงการส่งประจุบวกลบช่วยให้การแตกตัวปรับน้ำค่อยเปรียบเทียบฤทธิ์สม่ำเสมอคงเส้น"
130,"เฟอร์ริกคลอไรด์สูตรชื้น 3","FeCl₃·3H₂O","Fe:1|Cl:3|H:6|O:3","เกลือเหล็กสามไตรไฮเดรตอุ้มน้ำ 3 ตัวสำหรับการกัดสลักลวดลายทองเหลืองบนเครื่องประดับเวทมนตร์","เนื้อลายทองเหลืองจะคมสลักลึกสวยงามตามความดันพู่กันสลักเขียนลายสัญลักษณ์คมกริบ","น้ำ 3 ตัวแยกรอบ Fe3+ ชะลอความไวการดึงประจุทองเหลืองช่วยควบอัตรากัดกร่อนลายได้นิ่งคงที่"
131,"แก๊สซัลเฟอร์ไตรออกไซด์ชื้น 3","SO₃·3H₂O","S:1|O:6|H:6","ก๊าซซัลเฟอร์ไตรออกไซด์ที่จับไอน้ำในอากาศ 3 ส่วน เลียนแบบสภาวะอากาศที่มีฝนกรดสะสมหนาแน่น","ทำให้เกิดสารละลายกรดซัลฟิวริกเจือจางในชั้นบรรยากาศ กัดกร่อนหลังคาเหล็กและพืชพรรณพังเสียหาย","กำมะถันสร้างพันธะกับออกซิเจน 3 ตัว และทำพันธะไฮโดรเจนรวมเข้ากับโมเลกุลน้ำ 3 ตัวจนไม่เสถียร"
132,"แก๊สชีวภาพมีเทนชื้น 3","CH₄·3H₂O","C:1|H:10|O:3","แก๊สมีเทนธรรมชาติที่ผสมไอระเหยน้ำ 3 โมเลกุล เพื่อการศึกษาจุดเดือดและควบคุมคราบความร้อน","ช่วยลดอัตราปะทุของประกายไฟในห้องวิจัยเคมี ไม่ให้แก๊สสะสมระเบิดวูบทำลายเครื่องแก้วแก้วแตก","น้ำ 3 ตัววิ่งล้อมรอบโครงสี่หน้าไม่มีขั้วของมีเทน ช่วยลดความหนาแน่นความร้อนและดึงอุณหภูมิคงที่"
133,"เอทานอลล้างแผลชื้น 3","C₂H₆O·3H₂O","C:2|H:12|O:4","สารละลายเอทิลแอลกอฮอล์เจือจางที่มีน้ำปะปน 3 ส่วน สำหรับทดลองประสิทธิภาพการทำละลายคราบ","ใช้เช็ดทำความสะอาดผิวดินเผาเครื่องปั้นดินเผาให้ลื่นเงาไม่มีเชื้อราเกาะพื้นผิวหม้อต้มยา","น้ำ 3 ตัวรวมกับหมู่ไฮดรอกซีของแอลกอฮอล์ ชะลอการระเหยตัวของแอลกอฮอล์ให้ทำงานได้ทนนานขึ้น"
134,"คาร์บอนมอนอกไซด์ชื้น 3","CO·3H₂O","C:1|O:4|H:6","แก๊สคาร์บอนมอนอกไซด์ที่มีโมเลกุลความชื้นน้ำเกาะเกี่ยวแน่น 3 ส่วนเพื่อความเสถียร","ใช้จำลองเขม่าแก๊สเปียกชื้นที่เกิดขึ้นตามท่อระบายลมเครื่องจักรกลแปรธาตุในตำราเวท","น้ำ 3 ตัวสร้างฟิล์มไอชื้นโอบล้อมประจุคาร์บอนมอนอกไซด์ ป้องกันไม่ให้ไอแก๊สระเหยพุ่งขึ้นบน"
135,"แก๊สเอทิลีนบ่มผลไม้ชื้น 3","C₂H₄·3H₂O","C:2|H:10|O:3","แก๊สเอทิลีนฮอร์โมนพืชที่มีโมเลกุลไอน้ำล้อมรอบถึง 3 ตัว ป้องกันเนื้อผิวผลไม้เหี่ยวแห้ง","ช่วยประคองความชื้นผิวผลไม้ดิบขณะทำการอบเคมีบ่มแก๊ส ให้ผิวตึงสวยเนื้อสุกนุ่มไม่เหี่ยวเฉา","โมเลกุลน้ำ 3 ตัวทำหน้าที่จับยึดแกนคาร์บอนพันธะคู่ช่วยให้แผ่กระจายตัวบ่มได้นุ่มนวลอย่างเป็นระบบ"
136,"แก๊สไข่เน่าภูเขาไฟชื้น 3","H₂S·3H₂O","S:1|H:8|O:3","แก๊สไฮโดรเจนซัลไฟด์เจือจางสะสมความชื้นน้ำ 3 ส่วน เพื่อลดกลิ่นเหม็นฉุนลง","ช่วยให้ปรุงยาวิจัยระบบประสาทได้ง่ายจมูกขึ้น กลิ่นไข่เน่าไม่พุ่งกวนสมาธิพ่อมดปรุงยาระหว่างต้ม","น้ำ 3 ตัวดึงประจุขั้วกำมะถันไว้ชั่วคราว ชะลอการฟุ้งกระจายของควันก๊าซให้ไหลเวียนอยู่ในของเหลว"
137,"แก๊สโพรเพนถัง LPG ชื้น 3","C₃H₈·3H₂O","C:3|H:14|O:3","แก๊สโพรเพนเชื้อเพลิงหลักที่มีความชื้นละอองน้ำล้อม 3 ส่วนช่วยลดปฏิกิริยาเขม่าดำเข้ม","เปลวไฟจุดสปาร์คเตาแปรธาตุจะสะอาดปราศจากควันเขม่าเกาะใต้หม้อดินปรุงยา ช่วยให้หม้อใสกิ๊กน่ามอง","น้ำ 3 ตัวทำหน้าที่คุมอุณหภูมิรอบสายโซ่คาร์บอนช่วยลดอุณหภูมิยอดเปลวเกิดการเผาไหม้สมบูรณ์"
138,"แก๊สซัลเฟอร์ไดออกไซด์ชื้น 3","SO₂·3H₂O","S:1|O:5|H:6","แก๊สซัลเฟอร์ไดออกไซด์ที่จับชื้นน้ำ 3 ส่วน แปรรูปเป็นสารซัลไฟต์น้ำใช้ถนอมเนื้อผลไม้","ช่วยถนอมสีเนื้อผลไม้อบแห้งให้สวยน่าทาน ป้องกันไม่ให้เนื้อเปลี่ยนสีดำคล้ำค้างคืนข้ามภพ","น้ำ 3 ตัวทำพันธะไฮโดรเจนรอบออกไซด์ของกำมะถัน ล็อกประจุชะลอการระเหยของควันแก๊สให้คงตัว"
139,"แก๊สมลพิษไนโตรเจนไดออกไซด์ชื้น 3","NO₂·3H₂O","N:1|O:5|H:6","แก๊สไนโตรเจนไดออกไซด์จับชื้นน้ำ 3 ส่วน จำลองการสะสมไอพิษน้ำกรดบางเบาในก้อนเมฆหมอก","เป็นขั้นตอนจำลองสัญญะของมลพิษทัศนวิสัยต่ำสีน้ำตาลแดงแฉะชื้นระคายตาและแสบผิวหน้ารุนแรง","ไนโตรเจนประจุคี่ดึงโมเลกุลน้ำสามก้อนเข้าทำปฏิกิริยารีดักชันเปลี่ยนภาพเป็นกรดอ่อน"
140,"โซดาไฟขจัดท่อสูตรน้ำ 1","NaOH·H₂O","Na:1|O:2|H:3","เบสแก่โซดาไฟเจือจางความชื้นน้ำ 1 ส่วน เพื่อป้องกันอันตรายจากการปะทุเดือดร้อนฉับพลัน","ปลอดภัยขึ้นเมื่อใช้ตักเทขจัดคราบเหนียวอุดตันคอท่อระบายอ่างน้ำแก้วแปรธาตุไม่ให้กระจกร้าว","โมเลกุลน้ำ 1 ตัวโอบประจุล้อมขอบโซเดียมไฮดรอกไซด์หน่วงการแตกประจุ OH- ทำลายเป้าหมาย"
141,"กรดน้ำส้มสายชูสูตรน้ำ 1","C₂H₄O₂·H₂O","C:2|H:6|O:3","กรดน้ำส้มสารละลายน้ำปะปน 1 โมเลกุล สูตรเปรียวอ่อนๆ สำหรับการบำบัดกลิ่นสาบหนังสัตว์","ล้างทำความสะอาดหนังปลอกดาบหรือปลอกพลองแปรธาตุให้กลิ่นเปรี้ยวอ่อนโยนไม่ฉุนจมูกเกินไป","น้ำ 1 ตัวช่วยทำพันธะไฮโดรเจนอุ้มหมู่คาร์บอกซิลไม่ให้คายโปรตอน H+ เปรี้ยวจัดแสบผิว"
142,"เกลือแกงเหลวสูตรน้ำ 1","NaCl·H₂O","Na:1|Cl:1|H:2|O:1","เกลือโซเดียมคลอไรด์ที่มีโมเลกุลน้ำเหนี่ยวแน่นในผลึก 1 อัตราส่วน แร่เกลือถนอมเนื้อปลา","ช่วยรักษาสภาพเนื้อสมุนไพรแห้งและของป่าไม่ให้ขึ้นราเน่าอับชื้นเมื่อเก็บรักษาค้างคืนข้ามภพ","โมเลกุลน้ำ 1 ตัววิ่งเข้ายึดเหนี่ยวในโครงข่ายตาข่ายผลึกไอออนิกของเกลือแกงช่วยตรึงประจุแกร่ง"
143,"แคลเซียมคลอไรด์กันชื้นน้ำ 1","CaCl₂·H₂O","Ca:1|Cl:2|H:2|O:1","เกลือแคลเซียมคลอไรด์ที่มีน้ำรวม 1 ส่วน ชะลอการละลายเยิ้มแฉะตัวของกล่องแร่กันชื้น","ช่วยควบคุมให้แร่ก้อนกลมคงรูปจับแน่นดูดชื้นได้ทนนาน ไม่เป็นคราบน้ำเกลือเปียกแฉะไหลตู้เสื้อผ้า","แคลเซียมมอบประจุให้คลอรีนและดึงโมเลกุลน้ำ 1 ตัวประสานร่องว่าโครงผลึกไอออนิกแกร่ง"
144,"สนิมเหล็กน้ำยาชื้น 1","Fe₂O₃·H₂O","Fe:2|O:4|H:2","สนิมเหล็กผุกร่อนสีน้ำตาลแดงที่มีโมเลกุลน้ำเกาะผิว 1 ส่วน ปฏิกิริยากร่อนเริ่มต้นบนแผ่นเหล็ก","จำลองคราบบางเบาที่เกาะผิวเกราะป้องกันภัยเหล็กเมื่อผ่านไอฝนและลมชื้นพัดกระพือยาวนาน","น้ำ 1 ตัวเร่งปฏิกิริยาคู่กับออกซิเจนทำลายผิวเหล็กแกร่งให้หลุดร่วงสลายโมเลกุลผุยผุพัง"
145,"หินปูนปะการังน้ำ 1","CaCO₃·H₂O","Ca:1|C:1|O:4|H:2","แร่หินปูนธรรมชาติสีขาวสะอาดที่มีโมเลกุลน้ำโอบ 1 ส่วน ผลึกชอล์กเขียนสัญญะเวทมนตร์นุ่มมือ","ลดปัญหาฝุ่นชอล์กฟุ้งกระจายปลิวในห้องแล็บ เขียนติดกระดานชนวนง่ายลายเส้นคมชัดเงางามดีเด่น","น้ำ 1 ตัวเป็นกาวประสานรอบฝุ่นละอองหินปูนป่นไม่ให้เป่าลอยเบาง่ายเหนียวหนึบกระดานแน่น"
146,"เกลือเหล็กสองไดไฮเดรตน้ำ 1","FeCl₂·H₂O","Fe:1|Cl:2|H:2|O:1","เกลือเหล็กสองสีเขียวอ่อนที่มีความชื้นน้ำเกาะยึดเหนี่ยวโครงผลึกแร่ 1 สัดส่วน","ให้สีเขียวพรายสวยงาม ใช้เคลือบปัดผ้าสัญญะเวทมนตร์ให้สีสันเงาเด่นสม่ำเสมอสะท้อนแสงไฟเด่น","น้ำ 1 ตัวขยับระดับพลังงาน d-orbital ของประจุเหล็ก Fe2+ สะท้อนสีเขียวเจิดจ้าสดใสน่าทึ่ง"
147,"ผงฟูอบเค้กสูตรชื้น 1","NaHCO₃·H₂O","Na:1|H:3|C:1|O:4","เบกกิ้งโซดาผงฟูสูตรโมโนไฮเดรตที่มีน้ำยึดหน่วงโครงแห้ง 1 ตัว ป้องกันขนมจับก้อนชื้น","ชะลอปฏิกิริยาคายแก๊สก่อนสุกอบในเตา ดันเนื้อแป้งอบให้ค่อยขึ้นพองหนานุ่มฟูนุ่มสม่ำเสมอดี","โมเลกุลน้ำ 1 ตัวทำหน้าที่ขวางประจุไฮโดรเจนคาร์บอเนตไม่ให้คายแก๊สคาร์บอนก่อนเวลาอันควร"
148,"โซดาแอชปรับน้ำชื้น 1","Na₂CO₃·H₂O","Na:2|C:1|O:4|H:2","ผลึกเกลือโซเดียมคาร์บอเนตชื้นน้ำ 1 โมเลกุลสำหรับค่อยๆ เติมปรับสมดุลสระน้ำสะอาดในค่าย","ลดคราบหินปูนกระด้างในน้ำได้อย่างนุ่มนวล ทำให้น้ำสระใสวิบวับพ้นอันตรายสะดวกใจน่าลงว่าย","น้ำ 1 ตัวหน่วงประจุโซเดียมช่วยควบคุมอัตราละลายกระจายคาร์บอเนตคุมค่าน้ำคงที่สม่ำเสมอ"
149,"เฟอร์ริกคลอไรด์สูตรชื้น 1","FeCl₃·H₂O","Fe:1|Cl:3|H:2|O:1","เกลือเหล็กสามกัดแผ่นทองแดงที่มีน้ำเหนี่ยวยึดโครง 1 อัตราส่วน หน่วงความเร็วสลักลายจิ๋ว","ลายวงจรสายส่งสวิสไฟเวทมนตร์จะคมกริบ ขอบเส้นไม่เบลอแหว่งขาดสปาร์คส่งประจุนำกระแสตรง","โมเลกุลน้ำ 1 ตัวแทรกรอบแกน Fe3+ เพิ่มแรงกีดขวางพิกัดหน่วงทองแดงไม่ให้หลุดพุชเร็วเกินไป"
150,"แก๊สซัลเฟอร์ไตรออกไซด์ชื้น 1","SO₃·H₂O","S:1|O:4|H:2","แก๊สควันกำมะถันไตรออกไซด์จับไอความชื้น 1 ตัว ค่อยแปรสภาพเป็นหยดน้ำกรดบางเบา","สัญญะเริ่มต้นของการสะสมไอฝนกรดในระดับไมโคร กัดกร่อนผิวนอกใบไม้ป่าเสื่อมโทรมกร่อนสลาย","กำมะถันสอยออกซิเจนจับโมเลกุลน้ำก้อนแรกเตรียมพร้อมสลัดโปรตอนคายฤทธิ์กรดซัลฟิวริกทันที"
151,"เกลือแร่ผลึกยิปซัมไดไฮเดรต","CaSO₄·2H₂O","Ca:1|S:1|O:6|H:4","แร่ยิปซัมธรรมชาติที่มีน้ำกักเก็บในผลึกแห้ง 2 ตัว ใช้ขูดทำชอล์กเขียนเส้นสัญญะเวทมนตร์","เมื่อนำแร่นี้ไปต้มร้อนจนสูญเสียน้ำในผลึก จะแปรสภาพกลายเป็นผงปูนพลาสเตอร์สีขาวนวล","โมเลกุลน้ำ 2 ตัวเกาะระหว่างแคลเซียมและซัลเฟตในช่องโครงผลึกตาข่ายยึดคงรูปเหนียวทนทาน"
152,"เกลือแมกนีเซียมซัลเฟตดีเกลือ 2","MgSO₄·2H₂O","Mg:1|S:1|O:6|H:4","ดีเกลือฝรั่งสูตรไดไฮเดรตที่มีน้ำอุ้ม 2 ส่วน ใช้ละลายน้ำแช่ผ่อนคลายเท้าเมื่อเดินทางไกล","ช่วยระบายความตึงของกล้ามเนื้อน่องและเท้าแช่สบายตาสดชื่นหายเมื่อยข้ามคืนทันใจ","น้ำ 2 ตัวแทรกเกาะ in โครงสร้างผลึกไอออนิกของแมกนีเซียมซัลเฟตให้เนื้อผลึกร่วนจับละลายไว"
153,"เกลือทองแดงซัลเฟตสะกดน้ำ 1","CuSO₄·H₂O","Cu:1|S:1|O:5|H:2","ผลึกเกลือจุนสีคอปเปอร์ซัลเฟตโมโนไฮเดรตสีฟ้าอ่อนใช้ผสมกำจัดตะไคร่น้ำพุร้อน","ช่วยทำลายเส้นใยของตะไคร่สีเขียวทำให้น้ำพุกลับมาใสแจ๋วสวยงามตาน่ามองสะท้อนแสงไฟ","น้ำ 1 ตัวทำพันธะโคออร์ดิเนตโยงรอบแกนคอปเปอร์ไอออน Cu2+ ปล่อยละลายไอออนทำลายเซลล์พืช"
154,"เกลือทองแดงซัลเฟตสะกดน้ำ 2","CuSO₄·2H₂O","Cu:1|S:1|O:6|H:4","เกลือจุนสีไดไฮเดรตที่มีโมเลกุลน้ำจับยึดผลึกแห้ง 2 ส่วนขยับความเข้มข้นสีฟ้าสดขึ้น","ใช้ทาเคลือบผิวพลองเครื่องไม้เพื่อป้องกันรอยปลวกและมอดไม้กัดแทะเนื้อพลองผุกร่อน","น้ำ 2 ตัวประสานโครงผลึกช่วยล็อกขั้วไอออนทองแดงให้คงตัวได้ทนแดดทนฝนลมพัดไม่หลุดง่าย"
155,"เกลือทองแดงซัลเฟตสะกดน้ำ 3","CuSO₄·3H₂O","Cu:1|S:1|O:7|H:6","ผลึกจุนสีไตรไฮเดรตสีน้ำเงินครามสวยงามยอดนิยมใช้ในน้ำยาฟอกชำระล้างแร่ดิบให้สะอาด","ช่วยดึงคราบสิ่งสกปรกบนผิวก้อนแร่ทองคำเหลืองเด่นให้ล้างออกง่ายขัดเงาวับประกายสว่าง","น้ำ 3 ตัวอุ้มล้อมไอออนทองแดงปรับมุมพลังงานอิเล็กตรอน d-orbital แสดงสีน้ำเงินครามเข้มเด่น"
156,"เกลือทองแดงซัลเฟตสะกดน้ำ 4","CuSO₄·4H₂O","Cu:1|S:1|O:8|H:8","เกลือคอปเปอร์ซัลเฟตเตตระไฮเดรตสีน้ำเงินสดเข้มข้นใช้ปรุงน้ำยาเคลือบกระเบื้องสระว่ายน้ำ","กระเบื้องสระเคลือบจุนสีจะมีผิววาวสะท้อนแสงใต้น้ำเหมือนผืนกระจกเงาสวยงามตาวิเศษสุด","น้ำ 4 ตัวเรียงแถวจับขั้วสมมาตรรอบทองแดงสร้างโครงผลึกที่แน่นหนักเหนียวตัวติดทนทานลอยกลาง"
157,"เกลือทองแดงซัลเฟตสะกดน้ำ 5","CuSO₄·5H₂O","Cu:1|S:1|O:9|H:10","ผลึกจุนสีน้ำเงินน้ำห้าโมเลกุล (Pentahydrate) ยอดนิยมสูงสุดใช้รักษาสีน้ำพุโบราณ","เป็นเกณฑ์ผลึกสมบูรณ์แบบที่ใช้ตรวจวัดความชื้นในอากาศหากชื้นจะแปรสีน้ำเงินสว่างจ้า","น้ำ 5 ตัวจับคู่ประสานรอบไอออนทองแดงและซัลเฟตอย่างสมดุลเต็มพิกัดผลึกครามเสถียรจมลึก"
158,"เกลือสังกะสีซัลเฟตโมโนไฮเดรต","ZnSO₄·H₂O","Zn:1|S:1|O:5|H:2","ผลึกเกลือสังกะสีซัลเฟตที่มีโมเลกุลน้ำจับเหนี่ยวแน่นยึดโครงผลึกแห้ง 1 อัตราส่วน","ใช้ผสมทำเป็นผงทาบำรุงผิวสำหรับรักษารอยไหม้แดดผิวกายคนไข้ชุ่มชื้นคืนตัวแผลหายไว","น้ำ 1 ตัวจับประสานประจุ Zn2+ และซัลเฟตลบสอง ชะลอความเร็วการทำปฏิกิริยาสารคงตัวนิ่งทน"
159,"เกลือสังกะสีซัลเฟตไดไฮเดรต","ZnSO₄·2H₂O","Zn:1|S:1|O:6|H:4","สังกะสีซัลเฟตไดไฮเดรตผลึกสีขาวละเอียดช่วยป้องกันดินสลายแร่ธาตุในฟาร์มเพาะปลูกสมุนไพร","ช่วยเติมแร่สังกะสีที่จำเป็นชะลอยอดใบเหลืองจุดแห้งเหี่ยวเฉาของต้นไม้ให้ใบโตงามเขียวสด","น้ำ 2 ตัวอุ้มขอบผลึกช่วยล็อกสภาพแร่ไม่ให้สลายตัวหายไปกับน้ำใต้ดินโคลนเมื่อฝนตกหนัก"
160,"เกลือสังกะสีซัลเฟตไตรไฮเดรต","ZnSO₄·3H₂O","Zn:1|S:1|O:7|H:6","ผลึกสังกะสีซัลเฟตไตรไฮเดรตมีบทบาทสำคัญในการทำสีย้อมพิมพ์ลวดลายผ้าไหมแปรธาตุ","สีสันจะเกาะติดทนบนเส้นใยผ้าหรูหราสีสดใสสะท้อนแสงไฟไม่ซีดจางเมื่อซักแห้งหลายครา","น้ำ 3 ตัวจับสลับไอออนสังกะสีช่วยดึงโยงโครงประสานเส้นใยผ้าให้เกาะเกี่ยวสีได้แน่นคงตัว"
161,"เกลือสังกะสีซัลเฟตเตตระไฮเดรต","ZnSO₄·4H₂O","Zn:1|S:1|O:8|H:8","เกลือสังกะสีซัลเฟตที่มีน้ำดึงยึดโครงตาข่าย 4 ตัว ป้องกันการทำปฏิกิริยาเน่าเสีย","ใช้เคลือบแผ่นเนื้อไม้ไม้พายอ่างผสมยาไม่ให้ขึ้นคราบราดำเหนียวหนืดเมื่อโดนน้ำยาร้อนสะสม","น้ำ 4 ตัวสร้างเกราะไอชื้นห่อหุ้มโครงผลึกช่วยล็อกความเสถียรของประจุคงทนทนทานยาวนาน"
162,"เกลือสังกะสีซัลเฟตเพนตาไฮเดรต","ZnSO₄·5H₂O","Zn:1|S:1|O:9|H:10","ผลึกสังกะสีซัลเฟตที่มีน้ำอุ้ม 5 โมเลกุล ช่วยรักษาคุณภาพดินเพาะสปอร์เห็ดเวทมนตร์เรืองแสง","สปอร์เห็ดป่าจะงอกงามผลิตแสงสีฟ้านวลสว่างเข้มกว่าดินธรรมดาเร่งเก็บวัตถุดิบปรุงยาเวท","น้ำ 5 ตัวเชื่อมประสานประจุสังกะสีและซัลเฟตอย่างสมดุลผลึกหนักไม่ลอยพุ่งคายแร่สม่ำเสมอ"
163,"เกลือเหล็กสองซัลเฟตโมโนไฮเดรต","FeSO₄·H₂O","Fe:1|S:1|O:5|H:2","เกลือไอออนซัลเฟตของเหล็กสองอุ้มน้ำ 1 โมเลกุลสีเขียวขุ่นใช้ในงานย้อมสีดำเสื้อคลุมพ่อมด","ช่วยตรึงสีย้อมสีดำเข้มติดแน่นบนเนื้อผ้าขนแกะเสื้อคลุมดูมืดมนน่าเกรงขามดึงแสงไฟ","น้ำ 1 ตัวส่งแรงประสานรอบ Fe2+ ชะลอความเร็วการตกตะกอนเมื่อทำปฏิกิริยากับน้ำยาสีย้อมผ้า"
164,"เกลือเหล็กสองซัลเฟตไดไฮเดรต","FeSO₄·2H₂O","Fe:1|S:1|O:6|H:4","เกลือเหล็กซัลเฟตชื้นไดไฮเดรตใช้ชะลอการเกิดคราบสนิมคราบน้ำตาลแดงบดบังสีเขียวบนผิวผลึก","คงสภาพผลึกเกลือเหล็กเขียวสวยสดใสยาวนานไม่คล้ำดำเน่าเสียเมื่อเก็บในไหดินเผาตู้เก็บยา","น้ำ 2 ตัวล็อกประจุ Fe2+ ไม่ให้ทำปฏิกิริยากับออกซิเจนอากาศแปลงประจุเป็นเหล็กสามสีแดงร้าว"
165,"เกลือเหล็กสองซัลเฟตไตรไฮเดรต","FeSO₄·3H₂O","Fe:1|S:1|O:7|H:6","ผลึกเหล็กซัลเฟตอุ้มน้ำ 3 ตัว ใช้บำบัดสีน้ำทิ้งโรงงานย้อมครามน้ำเงินให้ตกตะกอนแยกใสกิ๊ก","ตะกอนครามหนาแน่นจะแยกจับตัวจมก้นอ่างล้างได้เร็วทำความสะอาดบ่อพักได้ง่ายแสนสะดวก","น้ำ 3 ตัวจับสลับช่องผลึกเร่งนำพาประจุเหล็กเข้าชนเกาะกลุ่มคราบสีครามให้จับตัวจมห้อย"
166,"เกลือเหล็กสองซัลเฟตเตตระไฮเดรต","FeSO₄·4H₂O","Fe:1|S:1|O:8|H:8","เกลือเหล็กซัลเฟตที่มีโมเลกุลน้ำอุ้มหนา 4 อัตราส่วนใช้ปรุงปรับเนื้อผิวแร่ดินปั้นเครื่องปั้นดินเผา","เนื้อหม้อปั้นดินจะมีผิวเรียบสนิททนทานไฟแรงเตาเผาปรุงยาไม่ร้าวแตกกระเทาะพังเมื่อโดนความร้อน","น้ำ 4 ตัวทำหน้าที่กาวประสานสลับชั้นแร่ช่วยยึดเกาะเนื้อดินให้แน่นเหนียวเรียบเนียนวิเศษ"
167,"เกลือเหล็กสองซัลเฟตเพนตาไฮเดรต","FeSO₄·5H₂O","Fe:1|S:1|O:9|H:10","ผลึกเกลือเหล็กซัลเฟตเพนตาไฮเดรตสีเขียวมรกตครามเข้มใช้แต่งสีปัดทาทรายแก้วปรุงสีกระจก","ผิวกระจกหน้าต่างห้องแล็บจะมีสีเขียวมรกตงดงามกรองแสงอาทิตย์ให้สว่างเย็นละมุนตาน่าเรียน","น้ำ 5 ตัวเชื่อมประสานประจุเหล็กและซัลเฟตเสถียรจุดหลอมปานกลางคงตัวสีสดทนทานลอยชั้นก้น"
168,"เกลือแคลเซียมคาร์บอเนตโมโนไฮเดรต","CaCO₃·H₂O","Ca:1|C:1|O:4|H:2","หินปูนธรรมชาติสูตรจับโมเลกุลน้ำอุ้ม 1 ส่วน ผงชอล์กเขียนสัญญะเวทมนตร์รุ่นถนอมนิ้วมือ","ช่วยลดฝุ่นชอล์กฟุ้งกระจายในอากาศขณะลากเส้นเขียนปกป้องพ่อมดน้อยไม่ให้ไอจามระคายคอ","น้ำ 1 ตัวทำหน้าที่ดึงดูดจับรอบผงฝุ่นหินปูนไม่ให้เปรอะเบาลอยฟุ้งเหนียวยึดเกาะกระดานแน่น"
169,"เกลือแคลเซียมคาร์บอเนตไดไฮเดรต","CaCO₃·2H₂O","Ca:1|C:1|O:5|H:4","ผลึกหินปูนแคลเซียมคาร์บอเนตไดไฮเดรต แร่ผลึกแห้งสีส้มอ่อนใช้ทารอบฐานเตาแก๊สปรุงยา","ป้องกันความร้อนจัดปูนโครงเตาสะสมกร่อนแตกร้าวช่วยยืดอายุเตาหลอมให้พ้นไฟร้อนยาวนาน","น้ำ 2 ตัวล็อกระหว่างโมเลกุลหินปูนกระจายความร้อนสม่ำเสมอไม่แตกร่วนง่ายทนแรงสปริงดีเด่น"
170,"เกลือแคลเซียมคาร์บอเนตไตรไฮเดรต","CaCO₃·3H₂O","Ca:1|C:1|O:6|H:6","หินปูนธรรมชาติอุ้มน้ำ 3 ตัว แหล่งสกัดทำแป้งพอกเนื้อโลหะทองเหลืองเครื่องสั่นสะเทือนเสียง","พู่กันสลักลายปัดทาเคลือบจะช่วยให้เสียงหม้อต้มดนตรีส่งเสียงใสกังวานขับกล่อมสมองพ่อมดสดชื่น","น้ำ 3 ตัวสร้างแรงตึงผิวรอบแร่ช่วยควบคุมความแกร่งโครงสร้างเนื้อโลหะให้คงทนต่อแรงสั่นสะท้อน"
171,"ผลึกเกลือโซเดียมคาร์บอเนตเพนตาไฮเดรต","Na₂CO₃·5H₂O","Na:2|C:1|O:8|H:10","ผลึกเกลือโซเดียมคาร์บอเนตเพนตาไฮเดรตสีขาวสะอาดใช้ลดความกระด้างของน้ำบ่อลึก","ช่วยดึงคราบหินปูนคราบดินเลนตกตะกอนเร็วทำให้น้ำในบ่อกลับใสสะอาดน่ากินระบายคอดี","น้ำ 5 ตัวทำประจุกระจัดล้อมขอบคาร์บอนเนตดึงจับประจุแคลเซียมในน้ำกระด้างสลายร่างตกผลึกหนา"
172,"เกลือเหล็กสามคลอไรด์น้ำชื้น 4","FeCl₃·4H₂O","Fe:1|Cl:3|H:8|O:4","เกลือเหล็กสามกัดแผ่นทองแดงที่มีน้ำโอบล้อม 4 ส่วน ปรับระดับความคมของชิ้นงานกัดลาย","ลายเส้นแผงสวิตช์เครื่องเล่นแปรธาตุจะเสร็จสมบูรณ์รวดเร็วขอบคมกริบส่งประจุไฟฟ้าแม่นตรง","น้ำ 4 ตัวจัดเรียงสมดุลรอบไอออนเหล็ก Fe3+ ตรึงความหนืดน้ำยาลดการสั่นตัวหลุดลายเส้นสัญญะ"
173,"เกลือเหล็กสามคลอไรด์น้ำชื้น 5","FeCl₃·5H₂O","Fe:1|Cl:3|H:10|O:5","เกลือเหล็กสามกัดกรดทองแดงสูตรเพนตาไฮเดรตสีเหลืองส้มสวยงามใช้ขัดสีผิวอ่างล้างแก้วยา","ขจัดราบสนิมคราบอ่างดินเผาออกหมดจดลื่นลื่นล้างน้ำสะอาดขาวกิ๊กสะดุดสายตาตาน่าเรียน","น้ำ 5 ตัวดึงประจุขั้วบวกลบเหล็กและคลอไรด์ แตกตัวไวทำปฏิกิริยาทำลายคราบสีฝังแน่นลึกหลุดพัง"
174,"เกลือโพแทสเซียมคลอไรด์น้ำชื้น 3","KCl·3H₂O","K:1|Cl:1|H:6|O:3","เกลือโพแทสเซียมคลอไรด์ไตรไฮเดรตใช้ชะลอการปล่อยพลังไฟฟ้าในขั้วทดลองสารละลาย","ช่วยควบคุมอุณหภูมิน้ำยาแปรธาตุในขวดแก้วทดลองให้คงที่ตลอดปฏิกิริยาไม่ร้อนเดือดแตกพัง","น้ำ 3 ตัวล้อมล้อมประจุโพแทสเซียมช่วยคุมอัตราไหลเวียนไฟฟ้าคงความสมดุลปฏิกิริยานุ่มนวลคงเส้น"
175,"แร่วูลฟราไมต์ทังสเตนชื้น 3","FeWO₄·3H₂O","Fe:1|W:1|O:7|H:6","แร่วูลฟราไมต์ทังสเตนที่มีโมเลกุลน้ำอุ้มหนา 3 ส่วน ช่วยหน่วงความร้อนก่อนถลุงจริง","ทำให้เตาถลุงแปรธาตุควบคุมการหลอมเหล็กและทังสเตนแยกชั้นโลหะได้ถูกต้องสมบูรณ์แบบเรียงตัวดี","น้ำ 3 ตัวล็อกพันธะระหว่างขอบออกไซด์รอบแกนทังสเตนกระจายความร้อนทั่วผิวก้อนแร่ลดการเปราะพัง"
176,"น้ำเกลือไอออนโซเดียมเข้มข้นน้ำ 4","NaCl·4H₂O","Na:1|Cl:1|H:8|O:4","น้ำยาเกลือแกงโซเดียมคลอไรด์เตตระไฮเดรตสีครามวาวใช้หยดแต่งระดับเสียงฟองเดือดปุด","ช่วยควบคุมเสียงน้ำเดือดในหม้อปรุงยาให้มีเสียงกังวานปุดๆ สม่ำเสมอชวนสมองพ่อมดผ่อนคลายสบาย","น้ำ 4 ตัวแยกรอบขั้วโซเดียมและคลอไรด์สร้างระลอกคลื่นรับแรงสั่นฟองสบู่แตกกระจายนุ่มนวลคงรูป"
177,"ปูนขาวปรับน้ำสูตรไฮโดรน้ำ 4","CaO·4H₂O","Ca:1|O:5|H:8","ปูนขาวผสมไฮโดรเจนที่มีโมเลกุลน้ำร่วมอุ้ม 4 ตัวสูตรปรับค่าสภาพดินกรดปานกลาง","ช่วยให้เนื้อปูนค่อยๆ แตกละลายกระจายคายแร่ธาตุบำรุงรากข้าวสาลีป่าให้เจริญเติบโตสม่ำเสมอ","น้ำ 4 ตัวโอบประจุแคลเซียมไฮดรอกไซด์ปล่อยปฏิกิริยาช้าลงป้องกันรากผักไหม้เกรียมเสียหาย"
178,"แคลเซียมคลอไรด์สูตรไฮโดรน้ำ 4","CaCl₂·4H₂O","Ca:1|Cl:2|H:8|O:4","เกลือดูดความชื้นผสมประจุไฮโดรเจนที่มีน้ำร่วมอุ้ม 4 โมเลกุลชะลอการเปียกเหลวตัว","เนื้อเกลือดูดชื้นจะแห้งคงรูปจับแน่นได้ทนนานไม่จับตัวเป็นคราบนิ่มเกลือเปียกแฉะตู้เสื้อผ้า","น้ำ 4 ตัวประสานช่องว่างโครงตาข่ายผลึกไอออนิกยึดจับไอชื้นใหม่เข้ามาล็อกเก็บถนอมได้หนาแน่นแกร่ง"
179,"สนิมเหล็กสูตรประจุไฮโดรน้ำ 4","Fe₂O₃·4H₂O","Fe:2|O:7|H:8","สนิมเหล็กผสมไฮโดรเจนที่มีโมเลกุลน้ำปะปนในเนื้อสนิมผุกร่อน 4 ส่วนคราบแดงหนา","จำลองการผุกร่อนของขอบประตูเหล็กคลังเก็บตำรายาเมื่อเจอพายุฝนแฉะลึกกัดกินผิวเหล็กเป็นรูพรุน","น้ำ 4 ตัวเร่งปฏิกิริยาไฟผุกร่อนร่วมกับโปรตอนไฮโดรเจนทำลายผิวก้อนเหล็กให้หลุดเป็นคราบแดง"
180,"หินปูนปูนขาวสูตรไฮโดรน้ำ 4","CaCO₃·4H₂O","Ca:1|C:1|O:7|H:8","หินปูนสลักตัวสัญญะเวทมนตร์ที่มีน้ำร่วมโครงสร้าง 4 ตัว นุ่มนิ่มลื่นมือเส้นคมหนากำลังดี","เขียนติดง่ายทนนานบนผิวกระดานชนวนแปรธาตุไม่ลบเลือนง่ายเมื่อโดนลมพัดระลอกพัดพัดโบก","น้ำ 4 ตัวล้อมรอบแร่อุ้มความหนืดนุ่มช่วยให้เนื้อแร่ชอล์กเหนียวไม่แตกหักง่ายเมื่อกดแรงขีดเขียน"
181,"เกลือแคลเซียมคลอไรด์โมโนไฮเดรต","CaCl₂·H₂O","Ca:1|Cl:2|H:2|O:1","เกลือแคลเซียมคลอไรด์ที่มีน้ำอุ้ม 1 โมเลกุล ช่วยรักษาความคงตัวของผลึกสารในสภาพแวดล้อมจำลอง","นิยมใช้ในขั้นตอนเตรียมสารละลายนำกระแสไฟฟ้าเพื่อปรับสมดุลไอออนอย่างสม่ำเสมอ","น้ำ 1 โมเลกุลช่วยเติมเต็มร่องตาข่ายผลึกไอออนิกของแคลเซียมคลอไรด์อย่างคงตัว"
182,"ดีเกลือแมกนีเซียมซัลเฟตโมโนไฮเดรต","MgSO₄·H₂O","Mg:1|S:1|O:5|H:2","ดีเกลือแมกนีเซียมซัลเฟตที่อุ้มน้ำ 1 โมเลกุล ใช้ประยุกต์ทำน้ำเกลือชลประทานใบพืช","ช่วยชะลอการสูญเสียน้ำในใบพืชสมุนไพรเวทมนตร์ ป้องกันยอดใบหักเฉาจากความร้อนแล้ง","โมเลกุลน้ำ 1 ตัวจับประสานรอบแกนไอออนแมกนีเซียมสลายแรงดันสะสมทำให้ผลึกมั่นคง"
183,"เกลือเหล็กสองคลอไรด์น้ำชื้น 3","FeCl₂·3H₂O","Fe:1|Cl:2|H:6|O:3","ผลึกเกลือเหล็กสองคลอไรด์ไตรไฮเดรต ใช้ในระบบควบคุมประจุบำบัดสีครามน้ำเสีย","ช่วยชะลอการตกผลึกตกตะกอนเหล็กสลัดสิ่งสกปรกให้จมก้นอ่างน้ำได้สม่ำเสมอพ้นอันตราย","โมเลกุลน้ำ 3 ตัวทำหน้าที่ประสานประจุรอบไอออนเหล็ก Fe2+ ส่งผลให้นำไฟฟ้าปานกลาง"
184,"ผลึกเกลือโซเดียมคาร์บอเนตเตตระไฮเดรต","Na₂CO₃·4H₂O","Na:2|C:1|O:7|H:8","เกลือโซเดียมคาร์บอเนตที่มีความชื้นน้ำ 4 ส่วน เหมาะสำหรับใช้แต่งเติมปรับค่าน้ำสระน้ำ","ช่วยดึงตะกอนหินปูนให้ค่อยๆ จับตัวจมลงก้นสระน้ำไม่ให้เป็นอันตรายต่อผิวสัมผัสคนไข้","น้ำ 4 ตัวล้อมล้อมกลุ่มประจุช่วยหน่วงการละลายกระจายคาร์บอเนตเพื่อปรับค่าน้ำสม่ำเสมอ"
185,"ผงฟูอบเค้กสูตรชื้น 4","NaHCO₃·4H₂O","Na:1|H:9|C:1|O:7","เบกกิ้งโซดาผงฟูสูตรที่มีความชื้นโมเลกุลน้ำ 4 ส่วน ป้องกันการแตกสลายตัวคายแก๊สก่อนอบ","ช่วยควบคุมความแรงของผงฟูให้คงที่คงวา เนื้อเค้กจะฟูสวยเรียบเนียนสม่ำเสมอดีเด่น","น้ำ 4 ตัวโอบรอบกลุ่มประจุไฮโดรเจนคาร์บอเนตชะลอแรงปะทะกรดไม่ให้พองฟูไวเกินไป"
186,"เฟอร์ริกคลอไรด์สูตรชื้น 6","FeCl₃·6H₂O","Fe:1|Cl:3|H:12|O:6","เกลือเหล็กสามกัดแผงทองแดงเฮกซาไฮเดรตสีเหลืองส้มเข้มข้นสกัดคราบนิลทองเหลือง","ช่วยหน่วงความเร็วกัดทองแดงให้คงที่คมกริบ ลายเส้นสัญญะเวทมนตร์บนแผนวงจรคมชัดลึก","น้ำ 6 ตัวจัดเรียงสมมาตรล้อมรอบแกนประจุเหล็ก Fe3+ ตรึงความหนืดชะลอปฏิกิริยาร้อนสะสม"
187,"ปูนพลาสเตอร์ผลึกน้ำสมบูรณ์","CaSO₄·2H₂O","Ca:1|S:1|O:6|H:4","แร่ยิปซัมโครงผลึกแห้งที่มีโมเลกุลน้ำสมบูรณ์ 2 ตัว ใช้ขูดเขียนลากเส้นขอบสัญญะเวทมนตร์","เมื่ออบร้อนจนสูญเสียน้ำจะกลายเป็นปูนปลาสเตอร์เนื้อขาวนิ่มนำมาใช้หล่อแบบเฝือกกระดูก","น้ำ 2 ตัวทำหน้าที่เป็นสะพานเชื่อมประจุระหว่างแคลเซียมและซัลเฟตเกิดผลึกแกร่งแห้งสนิท"
188,"เกลือแมกนีเซียมซัลเฟตดีเกลือ 3","MgSO₄·3H₂O","Mg:1|S:1|O:7|H:6","ดีเกลือฝรั่งไตรไฮเดรตชุ่มชื้นปานกลาง ใช้แช่ล้างทำสะอาดคราบบนเครื่องประดับเงินเก่า","ช่วยให้เครื่องเงินเปล่งประกายเงางามเหมือนใหม่ คราบดำคล้ำเปื่อยหลุดออกล้างง่ายดาย","น้ำ 3 ตัวแทรกเกาะขัดขวางประจุไอออนซัลเฟตช่วยให้ผลึกแร่ร่วนตัวละลายจับสิ่งสกปรกดี"
189,"เกลือสังกะสีซัลเฟตเฮกซาไฮเดรต","ZnSO₄·6H₂O","Zn:1|S:1|O:10|H:12","ผลึกสังกะสีซัลเฟตเฮกซาไฮเดรตที่มีน้ำอุ้ม 6 ตัว ใช้พ่นถนอมสภาพเปลือกไม้พลองแร่ธาตุ","ช่วยยืดอายุไม้พลองไม่ให้เปราะผุพังแห้งกรอบเมื่อพัดปะทะพายุหมอกหนาวสะสมข้ามปี","น้ำ 6 ตัวจับยึดประจุ Zn2+ เกิดเป็นโครงประสานหนาแน่นเคลือบปิดร่องผิวไม้ทนทานยาวนาน"
190,"เกลือเหล็กสองซัลเฟตเฮกซาไฮเดรต","FeSO₄·6H₂O","Fe:1|S:1|O:10|H:12","ผลึกเหล็กซัลเฟตสีเขียวขุ่นที่มีน้ำยึดหน่วงโครง 6 อัตราส่วน ใช้แต่งย้อมเส้นใยพรมวิเศษ","ช่วยตรึงสีครามและสีย้อมธรรมชาติให้ติดทนแน่นบนเส้นพรม ไม่หลุดลอกจางง่ายเมื่อทำสะอาด","น้ำ 6 ตัวสร้างแรงตึงผิวและหน่วงประจุเหล็ก Fe2+ ช่วยให้สีเกาะเกลียวพรมสม่ำเสมอคงที่"
191,"หินปูนปูนขาวสูตรไฮโดรน้ำ 6","CaCO₃·6H₂O","Ca:1|C:1|O:9|H:12","หินปูนผลึกเฮกซาไฮเดรตที่มีน้ำร่วมในโครงสร้าง 6 ตัว สำหรับทาเคลือบผิวเตาหลอมปรุงยา","ช่วยกระจายอุณหภูมิร้อนสม่ำเสมอ ป้องกันปูนโครงเตาแห้งกร่อนจนเกิดรอยแตกหักพังทลาย","น้ำ 6 ตัวอุ้มล้อมแคลเซียมคาร์บอเนตชะลอการดึงไอชื้นหนีป้องกันการสลายตัวโครงเตาแกร่ง"
192,"น้ำเกลือไอออนโซเดียมเข้มข้นน้ำ 6","NaCl·6H₂O","Na:1|Cl:1|H:12|O:6","น้ำเกลือแร่โซเดียมคลอไรด์เฮกซาไฮเดรต ใช้หยดแต่งปรับระนาบความชื้นตู้เก็บตัวยาแห้ง","ช่วยรักษาสภาพสมดุลไอน้ำในตู้เก็บยาให้คงตัวสม่ำเสมอ ป้องกันสมุนไพรแห้งกรอบระเหยเสีย","โมเลกุลน้ำ 6 ตัวโอบไอออนเกลือสร้างระลอกไอชื้นหนาแน่นประคองแรงตึงผิวคงพิกัดปลอดภัย"
193,"ปูนขาวปรับดินสูตรไฮโดรน้ำ 6","CaO·6H₂O","Ca:1|O:7|H:12","ปูนขาวผสมไฮโดรเจนที่มีน้ำร่วมอุ้มหนา 6 ตัว ปล่อยฤทธิ์เบสบำรุงดินอย่างอ่อนโยนที่สุด","เหมาะสำหรับปรับสภาพดินเปรี้ยวบริเวณแปลงเพาะปลูกดอกไม้วิเศษป้องรากฝอยพืชไหม้เกรียม","น้ำ 6 ตัวทำหน้าที่กาวประสานหน่วงประจุแคลเซียมไฮดรอกไซด์ปล่อยปฏิกิริยาช้าลงสม่ำเสมอ"
194,"แคลเซียมคลอไรด์สูตรไฮโดรน้ำ 6","CaCl₂·6H₂O","Ca:1|Cl:2|H:12|O:6","เกลือแคลเซียมคลอไรด์ดูดชื้นเฮกซาไฮเดรต รักษาความแห้งสนิทเนื้อกระดาษในตู้ตำรายา","ช่วยล็อกกักเก็บความชื้นส่วนเกินสะสมได้มั่นคงยาวนานไม่เยิ้มเหลวเป็นเกลือแฉะเปียกชื้น","น้ำ 6 ตัวเกาะเกี่ยวช่องตาข่ายไอออนิกอย่างสมบูรณ์แบบคอยดูดกลืนไอชื้นใหม่เข้ามาล็อกแห้ง"
195,"สนิมเหล็กสูตรประจุไฮโดรน้ำ 6","Fe₂O₃·6H₂O","Fe:2|O:9|H:12","สนิมเหล็กผสมไฮโดรเจนอุ้มน้ำหนาแน่น 6 ส่วน คราบสีแดงน้ำตาลเข้มเกาะลึกในเนื้อเหล็กกล้า","จำลองสนิมกัดกร่อนลึกใต้โครงสร้างอ่างเหล็กต้มยาเมื่อโดนน้ำยาร้อนกรดละเลงหนาแน่นข้ามเดือน","น้ำ 6 ตัวกับไฮโดรเจนโปรตอนร่วมกันดึงประจุอิเลกตรอนทำลายแกนเหล็กแกร่งให้หลุดผุพังร่วน"
196,"เฟอร์ริกคลอไรด์สูตรชื้น 8","FeCl₃·8H₂O","Fe:1|Cl:3|H:16|O:8","เกลือเหล็กสามกัดทองแดงออคตาไฮเดรต ใช้สลักสลักข้อความคาถาลายลึกบนแผ่นเงินโบราณ","ลายอักษรคาถาเขียนติดสว่างง่ายคมกริบ ขอบนำไฟฟ้าคงทนไม่แหลกเว้าเสียหายสตาร์ทนำประจุ","น้ำ 8 ตัวเข้าล้อมรอบประจุ Fe3+ เพิ่มแรงหนืดหน่วงปฏิกิริยาดึงอิเลกตรอนสลักลายได้สม่ำเสมอ"
197,"แก๊สกำมะถันไตรออกไซด์ชื้น 5","SO₃·5H₂O","S:1|O:8|H:10","แก๊สซัลเฟอร์ไตรออกไซด์จับไอความชื้นหนาแน่น 5 โมเลกุล คล้ายเมฆฝนกรดสะสมเข้มข้นรุนแรง","ทำให้เกิดคราบละอองกรดตกตะกอนเกาะกินกระถางสมุนไพรอิฐดินเผาร่วนกร่อนร้าวพังง่ายดาย","กำมะถันสอยแกนออกไซด์และน้ำ 5 โมเลกุล รวมตัวเตรียมแปรสภาพคายฤทธิ์กรดซัลฟิวริกกัดพุช"
198,"เกลือโพแทสเซียมคลอไรด์น้ำชื้น 5","KCl·5H₂O","K:1|Cl:1|H:10|O:5","เกลือโพแทสเซียมคลอไรด์เพนตาไฮเดรต ชะลออัตราปล่อยกระแสประจุไฟฟ้าในอ่างสั่นสะเทือน","ช่วยคุมระดับความร้อนไม่ให้อ่างแก้วแปรธาตุขยายตัวเดือดสปาร์คแตกร่วนพังชำรุดเสียหาย","น้ำ 5 ตัวทำพันธะล้อมประจุโพแทสเซียมไอออนชะลอการแยกตัวช่วยควบคุมอัตราละลายให้นิ่ง"
199,"แร่วูลฟราไมต์ทังสเตนชื้น 5","FeWO₄·5H₂O","Fe:1|W:1|O:9|H:10","แร่วูลฟราไมต์ทังสเตนชื้นน้ำ 5 ตัว ปรับสมดุลความดันความร้อนก่อนนำเข้ากระบวนการถลุงเหล็ก","ช่วยให้เนื้อโลหะเหล็กและทังสเตนแยกแกนสลัดคราบดินสกปรกออกหมดจดได้โลหะแรกล้ำค่าแกร่ง","น้ำ 5 ตัวจับประสานพันธะกับออกไซด์รอบแกนทังสเตนกระจายความร้อนทั่วผิวก้อนแร่ชะลอเปราะ"
200,"ดีเกลือแมกนีเซียมซัลเฟตดีเกลือ 5","MgSO₄·5H₂O","Mg:1|S:1|O:9|H:10","เกลือดีเกลือแมกนีเซียมซัลเฟตเพนตาไฮเดรต ใช้แช่ทำลายสารตกค้างผิวใบพืชสลัดสดสะอาด","ช่วยกระตุ้นการไหลเวียนแร่ในพืช ปลายยอดใบเติบโตพวยใบงามดีดอกส้มบานเรืองแสงตาสดชื่น","น้ำ 5 ตัวจับประสานประจุแมกนีเซียมซัลเฟตเพิ่มความเหนียวยืดหยุ่นลอยกระจายตัวระนาบกลาง"
201,"น้ำเกลือบำบัดแผลความเข้มข้น 1","NaCl + H₂O","Na:1|Cl:1|H:2|O:1","ปรุงน้ำยาล้างแผลเกลือแกงระดับเจือจางน้ำ 1 ส่วน ใช้ชะล้างสิ่งสกปรกบนรอยถลอกผิวกาย","ช่วยทำความสะอาดผิวหน้าคนไข้ชุ่มชื้นขาวใสสะอาดไม่ระคายผิวอักเสบแผลสมานคืนตัวได้ดี","โมเลกุลน้ำ 1 ตัวโอบประจุล้อมขอบโซเดียมและคลอไรด์แยกผลึกเกลือให้กระจายสภาพนำประจุหนาแน่น"
202,"น้ำเกลือบำบัดแผลความเข้มข้น 2","NaCl + 2H₂O","Na:1|Cl:1|H:4|O:2","น้ำยาเกลือแกงเจือจางละลายน้ำ 2 ส่วน ป้องกันผิวกายแห้งตึงคันคะยิกคันจมูกปวดแสบ","ช่วยรักษาสภาพน้ำชุ่มชื้นใต้ผิวหนังให้เด้งนุ่มเด้งดึ๋งตึงหนึบสุขภาพผิวพรรณดีเยี่ยมเด่น","น้ำ 2 ตัวดึงแยกไอออนเกลือสร้างสลับชั้นไอชื้นประคอยชะลอการสูญเสียน้ำออกจากชั้นผิวนุ่มนวล"
203,"น้ำเกลือบำบัดแผลความเข้มข้น 3","NaCl + 3H₂O","Na:1|Cl:1|H:6|O:3","น้ำเกลือเจือจางน้ำ 3 ส่วน ใช้ทำความสะอาดซอกฟันและช่องปากหลังตื่นนอนลดกลิ่นฉุน","ช่วยระงับการเจริญเติบโตของแบคทีเรียกลิ่นคอสะอาดลมหายใจหอมละมุนตาสดชื่นทุกเช้า","น้ำ 3 ตัวโอบล้อมดึงจับประจุลดแรงตึงผิวช่วยให้น้ำเกลือแทรกตัวซอกฟันได้ลึกสะอาดหมดจดคงรูป"
204,"น้ำเกลือบำบัดแผลความเข้มข้น 4","NaCl + 4H₂O","Na:1|Cl:1|H:8|O:4","น้ำยาเกลือแร่ละลายน้ำ 4 อัตราส่วน น้ำยาแช่ขัดเล็บมือเล็บเท้าสะอาดงามนุ่มตา","ขจัดคราบดินคราบราซอกเล็บให้อ่อนตัวลอกหลุดออกง่ายดายไม่ทำลายผิวนิ้วมือแห้งตึงแสบคัน","น้ำ 4 ตัวล้อมประจุโซเดียมและคลอรีนสมดุลปล่อยประจุล้างทำความสะอาดแผลได้อ่อนโยนไม่กร่อน"
205,"น้ำเกลือบำบัดแผลความเข้มข้น 5","NaCl + 5H₂O","Na:1|Cl:1|H:10|O:5","น้ำเกลือบำบัดสัดส่วนน้ำ 5 โมเลกุล ใช้ประพรมละอองน้ำป้องขนมปังแปรธาตุไม่ให้เน่าเสีย","ช่วยถนอมผิวขนมปังอบสีเหลืองทองหอมฟู่กรอบนุ่มน่าทานป้องกันสปอร์ราเขียวลอยตัวเกาะคราบ","น้ำ 5 ตัวเชื่อมจับโยงไอออนเกลือหนาแน่นสร้างแผ่นไอชื้นเกลือบางเบาเคลือบผิวกันลมแห้งสลาย"
206,"น้ำเกลือบำบัดแผลความเข้มข้น 6","NaCl + 6H₂O","Na:1|Cl:1|H:12|O:6","น้ำเกลือแกงเจือจางสัดส่วนน้ำ 6 โมเลกุล น้ำยายอดบ้วนคอบรรเทาอาการแสบคอละคายคอไอจาม","ช่วยล้างเสมหะเหนียวหนืดลำคอโล่งพึ่งสดชื่นเสียงใสกังวานขับกล่อมปรุงยาได้ลื่นไหลเด่น","น้ำ 6 ตัวโอบไอออนบวกลบเกลือหนาแน่นคอยอุ้มพาประจุแร่เข้าทำความสะอาดเยื่อเมือกได้สม่ำเสมอ"
207,"น้ำเกลือบำบัดแผลความเข้มข้น 7","NaCl + 7H₂O","Na:1|Cl:1|H:14|O:7","น้ำยาเกลือเจือจางน้ำ 7 อัตราส่วน ใช้ฉีดพ่นล้างทำสะอาดใบไม้สมุนไพรเวทมนตร์จากคราบฝุ่น","ใบไม้จะสังเคราะห์แสงดีขึ้นผิวมันวาวประกายสดสวยดึงแร่ธาตุบำรุงพืชให้ผลิดอกบานสะพรั่ง","น้ำ 7 ตัวกระจายล้อมประจุช่วยควบแรงตึงผิวล้างผงฝุ่นละอองลื่นหลุดง่ายไม่ทำร้ายเซลล์ใบไหม้"
208,"น้ำเกลือบำบัดแผลความเข้มข้น 8","NaCl + 8H₂O","Na:1|Cl:1|H:16|O:8","น้ำยาเกลือแกงละลายชุ่มชื้นน้ำ 8 โมเลกุล สูตรน้ำยาหยดล้างคริสตัลดวงตาเวทมนตร์วิเศษ","ช่วยขจัดคราบหมอกมัวผิวดวงตากระจกใสกิ๊กมองเห็นอนาคตพิกัดสูตรลับแปรธาตุแจ่มแจ้งดีเด่น","น้ำ 8 ตัวเรียงคู่โยงประสานล้อมไอออนเกลือนิ่งเสถียรไม่ระคายเคืองผิวกระจกใสกิ๊กคงทนถาวร"
209,"น้ำเกลือบำบัดแผลความเข้มข้น 9","NaCl + 9H₂O","Na:1|Cl:1|H:18|O:9","น้ำเกลือแร่สัดส่วนน้ำเจือจางสูง 9 โมเลกุล น้ำยาปรับความนุ่มผิวดินเหนียวปั้นหม้อปรุงยา","ดินปั้นหม้อจะเหนียวนุ่มจับรูปง่ายเนียนมือไม่แตกสับร้าวเมื่อโดนลมเย็นเป่าแห้งก่อนเผา","น้ำ 9 ตัวแทรกแซงโครงสร้างดินประสานแรงยึดโมเลกุลน้ำเกลือชะลอการสูญเสียชื้นป้องกันแตกร้าว"
210,"น้ำเกลือบำบัดแผลความเข้มข้น 10","NaCl + 10H₂O","Na:1|Cl:1|H:20|O:10","น้ำเกลือเจือจางขั้นระดับน้ำ 10 ส่วน ยอดน้ำยาแช่ขยายหน่อหัวหอมป่าเร่งรากงอกดกหนา","หน่อหัวหอมจะงอกรากสีขาวสดดึงแร่ธาตุในดินโตไวใบยาวสวยเร่งรอบเก็บเกี่ยวปรุงยาได้ทันใจ","น้ำ 10 ตัวล้อมผลึกเกลือกระจายแร่ธาตุบำรุงโซเดียมชะลอประจุไม่ให้เข้มข้นทำรากหอมเน่าฝังลึก"
211,"น้ำเกลือบำบัดแผลความเข้มข้น 11","NaCl + 11H₂O","Na:1|Cl:1|H:22|O:11","น้ำยาเกลือแกงละลายน้ำ 11 อัตราส่วน น้ำยาแช่ถนอมแผงสายเบ็ดตกปลาพรานเหนียวหนึบ","สายเบ็ดตกปลาจะเหนียวทนทานแรงดึงกระชากปลาป่าลึกไม่ขาดหลุดขาดกระเด็นง่ายเมื่อตกปลา","น้ำ 11 ตัวอุ้มประจุเกลือแทรกซึมเกลียวสายเบ็ดคงสภาพเส้นเหนียวเหนอะลดความเปราะหักทนแรงกด"
212,"น้ำเกลือบำบัดแผลความเข้มข้น 12","NaCl + 12H₂O","Na:1|Cl:1|H:24|O:12","น้ำเกลือเจือจางสเปรย์น้ำ 12 ส่วน ใช้พ่นเคลือบพื้นไม้พิงผนังห้องแล็บลดความอับเหนียว","ป้องกันเนื้อไม้แปรธาตุพองบวมกร่อนเมื่อเจอละอองความร้อนไอน้ำหม้อต้มปรุงยาหนาแน่นสะสม","น้ำ 12 ตัวกระจายล้อมประจุเกลือเคลือบบางเป็นแผ่นชั้นใยแก้วบางเบาปิดช่องไม้กันน้ำชื้นซึม"
213,"น้ำเกลือบำบัดแผลความเข้มข้น 13","NaCl + 13H₂O","Na:1|Cl:1|H:26|O:13","น้ำยาเกลือแกงเจือจางน้ำละลาย 13 โมเลกุล น้ำยายอดบำรุงก้อนหินปูทางเดินแล็บให้สะอาด","ขจัดตะไคร่น้ำเกาะหยาบตามพื้นหินดินทางเดินไม่ลื่นล้มล้มหัวกระแทกอ่างปรุงยาวิเศษ","น้ำ 13 ตัวพาวิ่งผลึกเกลือกระจายล้างขจัดคราบบางเบาของเศษราดินเหนียวลื่นหลุดลงก้นท่อกวาด"
214,"น้ำเกลือบำบัดแผลความเข้มข้น 14","NaCl + 14H₂O","Na:1|Cl:1|H:28|O:14","น้ำเกลือแร่เจือจางสเปรย์น้ำ 14 โมเลกุล น้ำยาปรับสภาพเส้นใยเสื้อคลุมขนแกะให้อ่อนนุ่ม","เส้นใยขนแกะจะพองตัวฟูนุ่มสวมใส่สบายกายอบอุ่นไม่สากระคายผิวหนังคันแสบคันจมูกพัง","น้ำ 14 ตัวล้อมไอออนแยกตาข่ายช่วยผ่อนคลายเกลียวเส้นใยพรมให้อ่อนนุ่มคลายเกลียวเรียงสวย"
215,"น้ำเกลือบำบัดแผลความเข้มข้น 15","NaCl + 15H₂O","Na:1|Cl:1|H:30|O:15","น้ำเกลือเจือจางขยายตัวน้ำ 15 ส่วน ยอดน้ำยาแช่ไข่นกกางเขนป่าปัดผิวเปลือกขาวกิ๊ก","เปลือกไข่จะสะอาดเงางามไม่มีเชื้อโรคราเกาะลึกเปลือกบางฟักตัวลูกนกง่ายปลอดภัยแข็งแรง","น้ำ 15 ตัวประคองประจุคงที่บำรุงผิวผลเปลือกไข่ให้คงแร่แคลเซียมแกร่งประคองลูกนกอบอุ่นดี"
216,"กรดเกลือขจัดคราบความเข้มข้น 1","HCl + H₂O","H:3|Cl:1|O:1","กรดไฮโดรคลอริกละลายเจือจางน้ำ 1 ส่วน ยอดกรดกัดกร่อนผิวโลหะแรกลอกสนิมทองแดง","คราบสนิมทองแดงเกาะเขียวตามขอบหม้อจะสลายออกง่ายเผยเนื้อผิววาวแดงงามเด่นสะท้อนไฟ","โปรตอนกรดเกลือเข้าทำปฏิกิริยากับน้ำเกิดไออนไฮโดรเนียมแตกตัวปะทะกัดกร่อนสนิมโลหะหลุด"
217,"กรดเกลือขจัดคราบความเข้มข้น 2","HCl + 2H₂O","H:5|Cl:1|O:2","กรดเกลือละลายเจือจางน้ำ 2 ส่วน น้ำยากัดลอกคราบนิลทองเหลืองสัญญะเวทมนตร์เลขา","ลายเลขาเวทมนตร์จะกลับมาสว่างเงาแจ๋วส่งกระแสไฟปะจุได้ดีขึ้นมากพลังขับขยายเพิ่มขึ้น","น้ำ 2 ตัวชะลอความเร็วการทำปฏิกิริยาช่วยป้องกันเนื้อทองเหลืองด้านในโดนกัดกร่อนบางลง"
218,"กรดเกลือขจัดคราบความเข้มข้น 3","HCl + 3H₂O","H:7|Cl:1|O:3","กรดเกลือละลายน้ำ 3 สัดส่วน น้ำยาล้างกระจกขวดแก้วปรุงยาวิเศษขจัดคราบตะกรันแป้ง","คราบแป้งตะกรันจับหนาตามก้นขวดจะละลายออกหมดจดแก้วใสสะอาดกิ๊กน่าใช้งานดีเด่น","น้ำ 3 ตัวล้อมล้อมโปรตอน H+ หน่วงความดันปะทะทำลายเฉพาะคราบหินปูนแป้งไม่กัดเนื้อแก้วบาง"
219,"กรดเกลือขจัดคราบความเข้มข้น 4","HCl + 4H₂O","H:9|Cl:1|O:4","กรดเกลือละลายเจือจางน้ำ 4 โมเลกุล น้ำยาทำความสะอาดแผ่นสังกะสีหลังคาแล็บแปรธาตุ","สังกะสีจะเงาขาวสะท้อนแดดไม่ผุกร่อนแตกร้าวรั่วซึมง่ายเมื่อลมหนาวและพายุหมอกพัดปะทะ","น้ำ 4 ตัวอุ้มประจุคลอไรด์ลบชะลอการทำปฏิกิริยากับแผ่นโลหะสังกะสีสลักกัดกร่อนปานกลางคงรูป"
220,"กรดเกลือขจัดคราบความเข้มข้น 5","HCl + 5H₂O","H:11|Cl:1|O:5","กรดเกลือสเปรย์ละลายน้ำ 5 โมเลกุล ใช้ล้างทำสะอาดคราบดินเผากระถางสมุนไพรเวทมนตร์","ขจัดราคราบปูนขาวจับผิวอิฐกระถางให้ดินหายใจซึมแร่ธาตุเลี้ยงรากสมุนไพรได้งามดีเด่น","น้ำ 5 ตัวทำหนืดล้อมประจุควบคุมความแรงกรดไม่ให้กัดกร่อนลายสลักกระถางอิฐดินเผาร้าวพัง"
221,"กรดเกลือขจัดคราบความเข้มข้น 6","HCl + 6H₂O","H:13|Cl:1|O:6","กรดไฮโดรคลอริกละลายเจือจางน้ำ 6 โมเลกุล น้ำยาแช่ลวดเหล็กสลักสปริงล้างคราบน้ำมันหนา","คราบน้ำมันดินเหนอะหนะลวดสปริงจะหลุดออกง่ายดายสปริงเด้งนุ่มเด้งดีปรับน้ำหนักแกร่ง","น้ำ 6 ตัวโอบไอออนแยกตาข่ายเกลือกรดดึงล้างคราบไขมันละลายลอยบนผิวน้ำสะอาดกวาดออกง่าย"
222,"กรดเกลือขจัดคราบความเข้มข้น 7","HCl + 7H₂O","H:15|Cl:1|O:7","กรดเกลือเจือจางสเปรย์น้ำ 7 อัตราส่วน น้ำยาเช็ดล้างแร่วูลฟราไมต์ล้างผงฝุ่นดินเหนียว","ผงฝุ่นดำติดก้อนแร่จะหลุดง่ายดายเผยเกล็ดลายแร่ทังสเตนสว่างแวววาวนำไปถลุงเตาไฟร้อนได้ดี","น้ำ 7 ตัวควบคุมขั้วประจุขวางแรงปะทะกรดช่วยถนอมผิวแร่เหล็กไม่ให้กร่อนบางสูญเสียแร่ดี"
223,"กรดเกลือขจัดคราบความเข้มข้น 8","HCl + 8H₂O","H:17|Cl:1|O:8","กรดเกลือละลายน้ำเข้มข้นต่ำ 8 โมเลกุล น้ำยายอดบำรุงแกนเหล็กพลองทาเคลือบผิวเรียบลื่น","แกนเหล็กพลองยาวจะผิวเรียบสนิทลื่นมือควงสลับท่าปรุงยาได้ง่ายสะดวกใจปลอดภัยดีเลิศ","น้ำ 8 ตัวเรียงประสานล้อมไอออนโปรตอนช่วยควบคุมฤทธิ์กัดกร่อนผิวเหล็กให้สลักเงากำลังสวย"
224,"กรดเกลือขจัดคราบความเข้มข้น 9","HCl + 9H₂O","H:19|Cl:1|O:9","กรดเกลือสเปรย์ละลายเจือจาง 9 โมเลกุล น้ำยาปรับสภาพเส้นลวดทังสเตนให้เหนียวดัดง่าย","เส้นลวดทังสเตนดัดเป็นลวดสัญญะกลมสว่างง่ายไม่หักเปราะค้างคืนเมื่อโดนประกายไฟร้อนปะทะ","น้ำ 9 ตัวช่วยกระจายพลังประจุรอบแกนโลหะลดความเปราะแกร่งกลืนความยืดหยุ่นดัดรูปง่ายดี"
225,"กรดเกลือขจัดคราบความเข้มข้น 10","HCl + 10H₂O","H:21|Cl:1|O:10","กรดไฮโดรคลอริกละลายน้ำเจือจางสูง 10 ส่วน น้ำยาแช่ทำสะอาดซองเครื่องมือเหล็กขจัดรา","ราดำอับชื้นติดขอบหนังซองเครื่องมือจะถูกทำลายหมดสิ้นซองสะอาดกลิ่นหอมปลอดราอันตราย","น้ำ 10 ตัวหน่วงกรดสลายตัวช่วยคุมไม่ให้กรดแก่ทำลายผิวนุ่มของซองหนังสัตว์สลายลอกผุยพัง"
226,"โซดาไฟสูตรละลายเจือจางความเข้มข้น 1","NaOH + H₂O","Na:1|O:2|H:3","โซดาไฟเจือจางน้ำ 1 ส่วน ยอดน้ำยาแปรสภาพกรดเปรี้ยวรุนแรงในอ่างน้ำทิ้งให้เป็นกลาง","คราบน้ำเปรี้ยวสกัดแร่จะแปรสภาพกลับใสสะอาดเป็นกลางล้างทิ้งลงแม่น้ำได้ปลอดภัยไร้ภัย","โซเดียมไฮดรอกไซด์ปล่อยประจุ OH- เข้าจับโปรตอน H+ ของกรดทำปฏิกิริยาสะเทินคายน้ำสะอาด"
227,"โซดาไฟสูตรละลายเจือจางความเข้มข้น 2","NaOH + 2H₂O","Na:1|O:3|H:5","โซดาไฟเบสแก่เจือจางน้ำ 2 ส่วน น้ำยาผสมคราบสบู่สปาผิวบำรุงผิวกายคนไข้คราบนุ่มหมอก","ช่วยสมานผิวหนังแตกร้าวข้อศอกตาตุ่มให้อ่อนนุ่มเนียนตาเด้งดึ๋งตึงหนึบหายเจ็บระคายปวด","น้ำ 2 ตัวอุ้มหน่วงประจุเบสไม่ให้กัดกร่อนผิวกายลอกอักเสบแดงช่วยควบคุมความเสถียรละมุนดี"
228,"โซดาไฟสูตรละลายเจือจางความเข้มข้น 3","NaOH + 3H₂O","Na:1|O:4|H:7","โซดาไฟละลายน้ำ 3 สัดส่วน น้ำยาล้างทำสะอาดตะกรันดินเหนียวปากท่อต้มปรุงยาวิเศษ","คราบดินเหนียวก้นปากท่อจะเปื่อยร่วนลื่นสะอาดกวาดล้างออกง่ายท่อไหลเวียนสะดวกใจดีเด่น","น้ำ 3 ตัวประสานล้อมประจุเบสไฮดรอกไซด์ค่อยสอดแทรกย่อยสลายโครงเหนียวดินละลายราบคาบ"
229,"โซดาไฟสูตรละลายเจือจางความเข้มข้น 4","NaOH + 4H₂O","Na:1|O:5|H:9","โซดาไฟละลายน้ำเจือจาง 4 โมเลกุล น้ำยาแช่พู่กันขนสัตว์ล้างคราบกาวสลักลายเหนอะหนะ","ขนพู่กันจะกลับมานุ่มสลวยชี้ปลายเรียวเขียนสัญญะเวทมนตร์วงกลมได้เส้นต่อเนื่องสวยงาม","น้ำ 4 ตัวลดแรงเบสเข้มข้นช่วยถนอมโปรตีนเส้นขนพู่กันสัตว์ป่าไม่ให้เปื่อยขาดหลุดร่วงเปราะ"
230,"โซดาไฟสูตรละลายเจือจางความเข้มข้น 5","NaOH + 5H₂O","Na:1|O:6|H:11","โซดาไฟเจือจางน้ำละลาย 5 โมเลกุล น้ำยาปรับสภาพผิวหนังสัตว์ป่าทำปลอกพลองเวทมนตร์","หนังปลอกพลองจะอ่อนนุ่มจับกระชับมือควงหมุนท่าแปรธาตุปรุงยาได้รวดเร็วไม่ลื่นหลุดกระแทก","น้ำ 5 ตัวหน่วงปฏิกิริยาทำหนืดช่วยควบประจุเบสทำลายคราบขนเกาะติดผิวนอกหนังสัตว์พังผุย"
231,"โซดาไฟสูตรละลายเจือจางความเข้มข้น 6","NaOH + 6H₂O","Na:1|O:7|H:13","โซดาไฟเจือจางน้ำละลาย 6 โมเลกุล น้ำยาล้างคราบน้ำมันเตาต้มแปรธาตุที่ไหม้เกรียมก้นหม้อดิน","เบสอ่อนๆ ช่วยสลายคราบคาร์บอนเหนียวจากเขม่าไฟให้ล้างออกง่ายขึ้นโดยไม่ทำลายเนื้อหม้อดิน","น้ำ 6 โมเลกุลทำหน้าที่กระจายแรงดึงดูดไฮดรอกไซด์ไอออน ทำให้การสลายตัวของไขมันและเขม่าคาร์บอนดำเนินไปอย่างสม่ำเสมอ"
232,"โซดาไฟสูตรละลายเจือจางความเข้มข้น 7","NaOH + 7H₂O","Na:1|O:8|H:15","โซดาไฟเจือจางน้ำละลาย 7 โมเลกุล น้ำยาปรับความลื่นของลูกสูบโลหะเครื่องดันลมเตาหลอมร้อน","เบสเจือจางปริมาณน้ำสูงช่วยนำพาอนุภาคคราบฝุ่นเหล็กไหลหลุดออกจากผิวสัมผัสไม่ให้ลูกสูบติดขัด","โมเลกุลน้ำ 7 ตัวล้อมรอบประจุบวกลบช่วยพยุงไม่ให้เบสกัดกินโลหะชั้นใน แต่ช่วยดึงอนุภาคฝุ่นละอองที่เกาะผิวให้หลุดตัว"
233,"โซดาไฟสูตรละลายเจือจางความเข้มข้น 8","NaOH + 8H₂O","Na:1|O:9|H:17","โซดาไฟเจือจางน้ำละลาย 8 โมเลกุล น้ำยาปรับสภาพเส้นด้ายใยพืชเพื่อทอกระสอบเก็บสมุนไพรแห้ง","เบสระดับนี้ช่วยลอกเมือกเหนียวตามผิวเส้นใยธรรมชาติออก ทำให้ทอกระสอบได้เหนียวหนาและปลอดเชื้อรา","ออกซิเจนและไฮโดรเจนในโครงสร้างน้ำ 8 ตัวทำพันธะไฮโดรเจนอย่างหนาแน่น ชะลอความแรงของฤทธิ์ด่างไม่ให้กัดกินสายใยพืชเปื่อยขาด"
234,"โซดาไฟสูตรละลายเจือจางความเข้มข้น 9","NaOH + 9H₂O","Na:1|O:10|H:19","โซดาไฟเจือจางน้ำละลาย 9 โมเลกุล น้ำยาแช่ทำความสะอาดพลองเวทมนตร์ไม้สนเพื่อเคลือบเงา","ช่วยล้างยางไม้เหนียวๆ ที่ซึมออกจากเนื้อไม้ออกจนหมดจด เผยผิวไม้เรียบเนียนพร้อมปัดสีทองเหลืองสะท้อนแสง","ไอออนไฮดรอกไซด์ที่เจือจางอย่างยิ่งในน้ำ 9 โมเลกุลเข้าทำปฏิกิริยากับยางไม้เหนียวอย่างนุ่มนวล โดยไม่กร่อนทำลายเยื่อเซลลูโลสของเนื้อไม้"
235,"โซดาไฟสูตรละลายเจือจางความเข้มข้น 10","NaOH + 10H₂O","Na:1|O:11|H:21","โซดาไฟเจือจางน้ำละลาย 10 โมเลกุล น้ำยายอดบ้วนล้างผิวคริสตัลดวงตาเวทเพื่อสลัดคราบอับราดำ","เบสระดับเจือจางสูงสุดปลอดภัยต่อกระจกคริสตัล ล้างราดำขอบผิวสะอาดใสกิ๊กมองเห็นสูตรแปรธาตุแจ่มชัด","โซเดียมบวกและไฮดรอกไซด์ลบโดนโมเลกุลน้ำถึง 10 ตัวล้อมรอบอย่างสมบูรณ์ ลดความหนาแน่นประจุเบสเหลือเพียงระดับถนอมผิววัสดุเลนส์"
236,"แอมโมเนียละลายน้ำความเข้มข้น 1","NH₃ + H₂O","N:1|H:5|O:1","ปรุงยาดมแอมโมเนียสูตรพื้นฐานเจือจางน้ำ 1 ส่วน เพื่อเรียกสติคนไข้เป็นลมช็อกแดดให้ฟื้นตัว","กลิ่นฉุนระเหยขึ้นแตะจมูกช่วยกระตุ้นระบบหายใจให้สูดลมฟื้นตัวตาสว่างในพริบตา","แอมโมเนีย (NH3) ทำปฏิกิริยาผันกลับได้กับน้ำ 1 ตัว เกิดเป็นแอมโมเนียมไอออน (NH4+) และไฮดรอกไซด์ลบ (OH-) คายแก๊สฉุนระเหยง่าย"
237,"แอมโมเนียละลายน้ำความเข้มข้น 2","NH₃ + 2H₂O","N:1|H:7|O:2","น้ำยาแอมโมเนียเจือจางน้ำ 2 ส่วน น้ำยาสำหรับแช่ทำความสะอาดคราบเหงื่อไคลพู่กันเขียนเวทมนตร์","ช่วยละลายคราบไขมันจากปลายนิ้วมือที่สะสมตามขนแปรงพู่กันให้หลุดล้างออกง่ายดาย ขนแปรงนุ่มสลวย","โมเลกุลน้ำ 2 ตัวช่วยกักแก๊สแอมโมเนียไว้ในรูปของเหลว ลดความเร็วในการระเหยและเพิ่มพื้นที่ผิวสัมผัสจับคราบมัน"
238,"แอมโมเนียละลายน้ำความเข้มข้น 3","NH₃ + 3H₂O","N:1|H:9|O:3","น้ำยาแอมโมเนียเจือจางน้ำ 3 ส่วน ใช้ทำความสะอาดชิ้นส่วนกลไกทองเหลืองในเครื่องวัดอุณหภูมิห้องแล็บ","ขจัดคราบหมองออกเกลี้ยงเผยเนื้อทองเหลืองแวววาว นำกระแสไฟฟ้าส่งสัญญาณความร้อนได้แม่นยำ","แอมโมเนียในน้ำ 3 ตัวสร้างสารประกอบเชิงซ้อนกับไอออนโลหะทองเหลือง ช่วยดึงคราบอ๊อกไซด์ที่เคลือบผิวหน้าให้หลุดลอยแยกตัว"
239,"แอมโมเนียละลายน้ำความเข้มข้น 4","NH₃ + 4H₂O","N:1|H:11|O:4","น้ำยาแอมโมเนียเจือจางน้ำ 4 ส่วน ใช้ล้างทำความสะอาดแผ่นกระจกหน้าต่างห้องต้มยาที่มีเขม่าเกาะ","ละลายคราบเหนียวจากไอควันกำมะถันได้วิเศษสุด กระจกขาวใสสะท้อนแสงไฟสว่างเจิดจ้าตาน่ามอง","น้ำ 4 โมเลกุลล้อมแกนแอมโมเนีย ปรับสมดุลแรงตึงผิวช่วยให้น้ำยาแผ่ตัวสลัดคราบเหนียวเขม่าบนผิวกระจกเรียบลื่นหลุดลงก้น"
240,"แอมโมเนียละลายน้ำความเข้มข้น 5","NH₃ + 5H₂O","N:1|H:13|O:5","น้ำยาแอมโมเนียสเปรย์เจือจางน้ำ 5 โมเลกุล ใช้พ่นไล่แมลงศัตรูพืชแปลงเพาะชำสมุนไพรรักษาแผล","กลิ่นฉุนระดับนี้แมลงเกลียดมากจนไม่กล้าบินมาเจาะยอดใบพืช แต่ปลอดภัยไม่ทำใบพืชไหม้เกรียมเสียหาย","โมเลกุลน้ำ 5 ตัวช่วยหน่วงและประคองประจุ ไม่ให้แอมโมเนียแตกตัวแรงเกินไปจนทำลายเนื้อเยื่อพืชที่บอบบาง"
241,"แอมโมเนียละลายน้ำความเข้มข้น 6","NH₃ + 6H₂O","N:1|H:15|O:6","น้ำยาแอมโมเนียเจือจางน้ำ 6 โมเลกุล น้ำยาแช่ปรับสภาพเส้นด้ายฝ้ายทำเชือกผูกสมุนไพรตากแห้ง","เส้นด้ายจะนุ่มขึ้นและเหนียวทนทานแรงดึงกระชากดีเยี่ยม แขวนตากแห้งยาวนานแรมปีเชือกไม่เปื่อยขาดพัง","น้ำ 6 ตัวช่วยลดความเข้มข้นของฤทธิ์ด่างอ่อนๆ เข้าสอดแทรกระว่างตาข่ายใยฝ้าย ผ่อนคลายแรงตึงผิวให้อ่อนนุ่มเหนียวจับตัว"
242,"แอมโมเนียละลายน้ำความเข้มข้น 7","NH₃ + 7H₂O","N:1|H:17|O:7","น้ำยาแอมโมเนียเจือจางน้ำ 7 อัตราส่วน ใช้ทำความสะอาดซอกแผ่นอิฐปูทางเดินแล็บล้างคราบตะไคร่สะสม","ทำลายเส้นใยราคราบตะไคร่บนผิวอิฐ ทางเดินแห้งสนิทดินไม่ลื่นล้มหัวกระแทกหม้อต้มปรุงยา","แอมโมเนียเจือจางในน้ำ 7 ตัวแตกประจุไฮดรอกไซด์ต่ำ ปล่อยฤทธิ์เบสแทรกซึมร่องอิฐสลายเมือกตะไคร่นุ่มนวลลื่นหลุด"
243,"แอมโมเนียละลายน้ำความเข้มข้น 8","NH₃ + 8H₂O","N:1|H:19|O:8","น้ำยาแอมโมเนียเจือจางน้ำ 8 โมเลกุล น้ำยายอดบำรุงเคลือบผิวหนังสัตว์ถุงเก็บแร่วิเศษกันความชื้น","ถุงหนังจะยืดหยุ่นดีไม่กรอบแห้งร้าวแตกลายงา คงสภาพเก็บแร่แห้งสนิทพ้นอันตรายไอชื้นตู้เก็บยา","โมเลกุลน้ำ 8 ตัวทำพันธะไฮโดรเจนรอบแอมโมเนียชะลอการกัดหนัง ช่วยกระจายไอชื้นถนอมเนื้อนุ่มของผิวกระชับรูปเหนียวแน่น"
244,"แอมโมเนียละลายน้ำความเข้มข้น 9","NH₃ + 9H₂O","N:1|H:21|O:9","น้ำยาแอมโมเนียเจือจางน้ำ 9 โมเลกุล ยอดน้ำยาแช่ปรับสภาพเส้นลวดนำไฟฟ้าขดสปริงขจัดสนิมบางเบา","เส้นลวดทองแดงจะเงาขาวใสกิ๊ก นำกระแสไฟสตาร์ทสปาร์คปืนกลไฟเตาต้มยาได้แม่นยำรวดเร็วทันใจ","แอมโมเนียในน้ำ 9 ตัวช่วยลดระดับแรงปะทะประจุทำความสะอาดผิวหน้าโลหะ ดึงตะกอนสนิมหลุดออกจากเกลียวขดลวดลื่นไหล"
245,"แอมโมเนียละลายน้ำความเข้มข้น 10","NH₃ + 10H₂O","N:1|H:23|O:10","น้ำยาแอมโมเนียเจือจางน้ำสูง 10 ส่วน ยอดน้ำยาเร่งงอกรากดินเพาะสปอร์เห็ดป่าสีฟ้านวลเรืองแสง","เห็ดเรืองแสงจะงอกงดงามแผ่สปอร์เรืองรองเต็มหม้อต้มยา ผลิตแสงสว่างนุ่มนวลชวนมองยามค่ำคืนในห้องแล็บ","ไนโตรเจนจากแอมโมเนียเจือจางสูงในน้ำ 10 ตัวเป็นแหล่งธาตุอาหารพืชชั้นยอด ค่อยๆ ปล่อยปฏิกิริยาบำรุงไม่ให้เซลล์รากเน่าเหี่ยวเฉา"
246,"ไฮโดรเจนเปอร์ออกไซด์เจือจางความเข้มข้น 1","H₂O₂ + H₂O","H:4|O:3","น้ำยาเจลไฮโดรเจนเปอร์ออกไซด์เจือจางน้ำ 1 ส่วน น้ำยาทำความสะอาดแผลฆ่าเชื้อโรคที่มีฟองขาวฟู่หนา","ฟองฟู่สีขาวสะอาดช่วยลอกเนื้อตายคราบเลือดแห้งกรังให้หลุดล้างออกนุ่มนวล แผลสะอาดใสกิ๊กสสมานตัวเร็ว","น้ำ 1 โมเลกุลช่วยลดความไวในการย่อยสลายตัวคายก๊าซ O2 ของไฮโดรเจนเปอร์ออกไซด์ ทำให้ทำปฏิกิริยากับเอนไซม์เลือดได้อย่างต่อเนื่อง"
247,"ไฮโดรเจนเปอร์ออกไซด์เจือจางความเข้มข้น 2","H₂O₂ + 2H₂O","H:6|O:4","น้ำยายอดดมรักษาสีสันดอกไม้ส้มสมุนไพรตากแห้งไม่ให้คล้ำหมอง","กลีบดอกไม้จะคงสีส้มสวยสดใสไม่ซีดจาง คืนร่างคงสภาพแห้งเก็บปรุงยาชั้นดีพ้นอันตรายไอชื้นข้ามคืน","น้ำ 2 ตัวอุ้มโมเลกุล H2O2 ช่วยล็อกไม่ให้อนุภาคออกซิเจนอิสระวิ่งเข้าไปสลายทำลายเม็ดสีคลอโรฟิลล์และสารสีในเนื้อพืชเร็วเกินไป"
248,"ไฮโดรเจนเปอร์ออกไซด์เจือจางความเข้มข้น 3","H₂O₂ + 3H₂O","H:8|O:5","น้ำยาเปอร์ออกไซด์เจือจางน้ำ 3 สัดส่วน ยอดน้ำยาแช่บำรุงกรรไกรสลักใบไม้พลองแปรธาตุฆ่าราดำ","ขจัดเชื้อราดำอับชื้นติดขอบเหล็กกรรไกรหมดเกลี้ยง ใบมีดขาววิบวับตัดยอดใบสมุนไพรรวดเร็วฉับไวเส้นไม่ช้ำ","น้ำ 3 ตัวสร้างฟิล์มเหลวโอบประจุช่วยจำกัดอัตราปล่อยประจุลบทำลายสปอร์ราดำได้อย่างเด็ดขาด ทนทาน ไม่กร่อนโลหะหลังคา"
249,"ไฮโดรเจนเปอร์ออกไซด์เจือจางความเข้มข้น 4","H₂O₂ + 4H₂O","H:10|O:6","น้ำยาเปอร์ออกไซด์เจือจางน้ำ 4 โมเลกุล น้ำยาสเปรย์ฉีดปรับสภาพพู่กันขนแปรงสัตว์ให้สะอาดยา","ขนแปรงพู่กันจะปราศจากเชื้อแบคทีเรียกลิ่นสาบและนุ่มสลวย ขีดเขียนคาถาลายสัญญะเด่นสม่ำเสมอสวยงาม","โมเลกุลน้ำ 4 ตัวล้อมรอบแกนพันธะเดี่ยวออกซิเจน ช่วยหน่วงแรงตึงผิวและรักษาโปรตีนเส้นขนไม่ให้เปื่อยขาดหลุดร่วงเสียหาย"
250,"ไฮโดรเจนเปอร์ออกไซด์เจือจางความเข้มข้น 5","H₂O₂ + 5H₂O","H:12|O:7","น้ำยาเปอร์ออกไซด์เจือจางน้ำสูง 5 ส่วน น้ำยาเช็ดล้างเลนส์คริสตัลดวงตาเวทล้างคราบอับไขมัน","เลนส์ตาวิเศษกระจกส่องสูตรแปรธาตุจะใสกิ๊ก เผยสัญญะวงแหวนสุ่มเควสท์เคมี 300 ด่านแจ่มชัดตาสว่าง","น้ำ 5 โมเลกุลโอบประจุเปอร์ออกไซด์สมบูรณ์แบบ แผ่ไอทำลายคราบไขมันบางเบาบนผิวกระจกเลนส์ได้อย่างปลอดภัยไม่ระคายเคืองกร่อน"
251,"น้ำกรดน้ำส้มเข้มข้นสูงน้ำ 1","C₂H₄O₂ + H₂O","C:2|H:6|O:3","กรดน้ำส้มหมักผลไม้ป่าผสมน้ำ 1 ส่วน น้ำยาฆ่าเชื้อราดินลึกขจัดโรคเน่าโคนสมุนไพรสด","ช่วยถนอมรากสมุนไพรรักษาแผลสดพืชคืนตัวใบหนาดกดอกส้มสวยบานเรืองแสงสว่างวาบ","คาร์บอกซิลปล่อยประจุ H+ แตกตัวเจือจางในน้ำ 1 ส่วนคุมพลังกรดกัดทำลายสปอร์ราได้ลึกแกร่ง"
252,"น้ำกรดน้ำส้มเข้มข้นสูงน้ำ 2","C₂H₄O₂ + 2H₂O","C:2|H:8|O:4","กรดอะซิติกเจือจางละลายน้ำ 2 ส่วน น้ำยาแช่ขัดเงาลูกบิดเหล็กปลดล็อกตู้ตำรายาวิศว","ลูกบิดเหล็กตู้ยาจะเงาหมุนง่ายไม่ติดขัดฝุ่นลื่นมือเปิดหาใบสั่งเคมีได้รวดเร็วสะดวกใจเด่น","น้ำ 2 ตัวชะลอกรดทำลายผิวเคลือบเหล็กช่วยล็อกอัตราลอกคราบไคลคราบไขสนิมดำลื่นหลุดสะอาด"
253,"น้ำกรดน้ำส้มเข้มข้นสูงน้ำ 3","C₂H₄O₂ + 3H₂O","C:2|H:10|O:5","กรดน้ำส้มสายชูน้ำ 3 โมเลกุล น้ำยาแช่ผลไม้แอปเปิ้ลเขียวป่าถนอมรสเปรี้ยวอมหวาน","ช่วยให้เนื้อแอปเปิ้ลกรอบนุ่มน่าทานกลิ่นหอมนานวันไม่ดำเหี่ยวเน่าแห้งค้างคืนข้ามภพ","น้ำ 3 ตัวโอบอุ้มโปรตอนหน่วงกรดสั่นตัวช่วยรักษาความสดผิวผลไม้ไม่ทำลายเซลล์เนื้ออ่อนผุย"
254,"น้ำกรดน้ำส้มเข้มข้นสูงน้ำ 4","C₂H₄O₂ + 4H₂O","C:2|H:12|O:6","กรดอะซิติกเจือจางละลายน้ำ 4 อัตราส่วน น้ำยาเช็ดแผ่นกระจกหน้าต่างแล็บล้างคราบเขม่า","กระจกหน้าต่างจะขาวใสสะท้อนแสงแดดส่องสว่างห้องปรุงยาให้บรรยากาศน่านั่งเรียนรู้ตาน่าเรียน","น้ำ 4 ตัวล้อมขั้วโมเลกุลกรดช่วยควบคุมฤทธิ์กัดกร่อนขจัดคราบไขมันเขม่าควันเกาะกระจกหลุดพัง"
255,"น้ำกรดน้ำส้มเข้มข้นสูงน้ำ 5","C₂H₄O₂ + 5H₂O","C:2|H:14|O:7","กรดน้ำส้มสายชูละลายน้ำ 5 โมเลกุล น้ำยาฉีดพ่นบำบัดกลิ่นสาบหนังสัตว์ทำปลอกพลองแห้ง","ปลอกพลองหนังจะกลิ่นสะอาดปราศจากกลิ่นสาบหอมละมุนอ่อนๆ กวนใจพ่อมดน้อยควงหมุนง่าย","น้ำ 5 ตัวหน่วงการระเหยของควันเปรี้ยวล็อกกลิ่นฉุนกึกกรดช่วยย่อยกลิ่นสาบโปรตีนหนังสัตว์หมด"
256,"น้ำกรดน้ำส้มเข้มข้นสูงน้ำ 6","C₂H₄O₂ + 6H₂O","C:2|H:16|O:8","กรดน้ำส้มละลายน้ำ 6 อัตราส่วน น้ำยาแช่ปรับเส้นไหมสัญญะเวทมนตร์เหนียวนุ่มไม่เปราะ","เส้นไหมถักทอม้วนสัญลักษณ์จะมีสีครามสดสวยเกาะเส้นนุ่มถักง่ายไม่สากหยาบแข็งกระด้างพัง","น้ำ 6 ตัวโอบไอออนเกลือกรดชะลอประจุช่วยสยายขนเส้นใยไหมให้จัดเรียงระนาบนุ่มนวลคงเส้นคงวา"
257,"น้ำกรดน้ำส้มเข้มข้นสูงน้ำ 7","C₂H₄O₂ + 7H₂O","C:2|H:18|O:9","กรดอะซิติกเจือจางสเปรย์น้ำ 7 โมเลกุล น้ำยาปรับล้างคราบปูนป่นติดพู่กันเขียนทองเหลือง","พู่กันขนแปรงจะพริ้วเรียบเนียนขัดสีลากเส้นเขียนวาดสัญญะกลมเกลี้ยงสม่ำเสมอดำเนินใจเด่น","น้ำ 7 ตัวขวางทิศประจุกรดช่วยควบคุมอัตราสลายหินปูนคราบตกค้างซอกขนแปรงลื่นหลุดออกราบคาบ"
258,"น้ำกรดน้ำส้มเข้มข้นสูงน้ำ 8","C₂H₄O₂ + 8H₂O","C:2|H:20|O:10","กรดน้ำส้มสายชูละลายน้ำ 8 โมเลกุล น้ำยายอดบำรุงรักษาเนื้อกระดานชนวนหินเขียนเวท","ผิวกระดานชนวนหินจะดำเรียบมันเงางามปัดกวาดง่ายไม่ทิ้งคราบฝุ่นชอล์กเขียนสัญญะเวทอับชื้น","น้ำ 8 ตัวทำพันธะไฮโดรเจนรอบโมเลกุลกรดล็อกประจุคงที่กระจายเคลือบผิวกระดานชนวนแกร่งแห้ง"
259,"น้ำกรดน้ำส้มเข้มข้นสูงน้ำ 9","C₂H₄O₂ + 9H₂O","C:2|H:22|O:11","กรดอะซิติกเจือจางน้ำละลาย 9 อัตราส่วน น้ำยาเช็ดรักษาคริสตัลดวงตาเวทล้างฝุ่นควัน","คริสตัลตาวิเศษจะกลับใสสว่างเจิดจ้าเผยสูตรแปรธาตุปรุงยาลับขั้นสุดยอดชัดเจนลื่นลื่นลื่น","น้ำ 9 ตัวช่วยชะลอปฏิกิริยากรดไม่ให้กัดกร่อนผิวกระจกคริสตัลตาวิเศษด่างกร่อนหมองทรามลง"
260,"น้ำกรดน้ำส้มเข้มข้นสูงน้ำ 10","C₂H₄O₂ + 10H₂O","C:2|H:24|O:12","กรดน้ำส้มสายชูเจือจางสูง 10 ส่วน ยอดน้ำยาปรับสมดุลดินเหนียวปั้นกระถางเพาะสมุนไพร","กระถางดินเหนียวจะแห้งแน่นคงตัวดีไม่แตกร้าวสลายพังเมื่อเข้าเตาเผาร้อนร้อนปรุงยากลายร่าง","น้ำ 10 ตัวหน่วงกรดสลายตัวช่วยคุมการดึงความชื้นหนีผิวดินเหนียวป้องกันโครงสร้างยุบร้าวพัง"
261,"น้ำกรดกำมะถันนำไฟฟ้าสูงน้ำ 1","H₂SO₄ + H₂O","H:4|S:1|O:5","กรดซัลฟิวริกผสมน้ำ 1 ส่วน ยอดกรดแปรประจุนำไฟฟ้ากำลังสูงปรี๊ดสะพานไฟรถสตาร์ทปะทุ","ส่งกระแสไฟฟ้าวัดประจุได้แรงรวดเร็วสตาร์ทปืนกลไฟเตาต้มแปรธาตุร้อนจัดทำงานแสนแกร่ง","กำมะถันอะตอมกลางจับออกซิเจนคายโปรตอน H+ ละลายในน้ำ 1 ส่วน แตกประจุนำกระแสไฟฟ้าคงที่เด่น"
262,"น้ำกรดกำมะถันนำไฟฟ้าสูงน้ำ 2","H₂SO₄ + 2H₂O","H:6|S:1|O:6","กรดกำมะถันเจือจางละลายน้ำ 2 ส่วน น้ำยาปรับขั้วไฟฟ้าแบตเตอรี่รถให้ไฟนิ่งสมดุลดี","ป้องกันไม่ให้ขั้วไฟฟ้าไหม้เกรียมเสียหายเมื่อปืนกลไฟพ่นพลังทำงานยาวนานสตาร์ททนทาน","น้ำ 2 ตัวอุ้มโปรตอนชะลอปฏิกิริยาร้อนสะสมช่วยควบคุมความเย็นขั้วโลหะไฟฟ้าแบตเตอรี่เสถียร"
263,"น้ำกรดกำมะถันนำไฟฟ้าสูงน้ำ 3","H₂SO₄ + 3H₂O","H:8|S:1|O:7","กรดซัลฟิวริกละลายน้ำ 3 สัดส่วน น้ำยาผสมกัดล้างตะกอนเหล็กหนาในเตาหลอมโบราณเหล็กพัง","คราบเขม่าเหล็กจับหนาก้นเตาจะสลายหลุดกวาดง่ายขจัดฝุ่นเตาหลอมกลับสะอาดสะกดสายตาเด่นชัด","น้ำ 3 ตัวประสานล้อมประจุซัลเฟตกัดกร่อนคราบเขม่าเหล็กสองเหล็กสามละลายลอยตัวหลุดราบคาบ"
264,"น้ำกรดกำมะถันนำไฟฟ้าสูงน้ำ 4","H₂SO₄ + 4H₂O","H:10|S:1|O:8","กรดกำมะถันเจือจางละลายน้ำ 4 โมเลกุล น้ำยากัดแร่ทองแดงดิบลอกสิ่งเจือปนถลุงแร่ทอง","ทองคำแทรกเกล็ดแร่จะสะอาดเงาเหลืองอร่อยขัดเงางามพร้อมนำไปหลอมรูปเหรียญทองแปรธาตุ","น้ำ 4 ตัวลดแรงกัดผิวกรดเข้มข้นช่วยถนอมไม่ให้เนื้อทองคำโดนสลายบางสูญแร่ล้ำค่าลอยพัง"
265,"น้ำกรดกำมะถันนำไฟฟ้าสูงน้ำ 5","H₂SO₄ + 5H₂O","H:12|S:1|O:9","กรดซัลฟิวริกสเปรย์น้ำ 5 โมเลกุล น้ำยาปรับล้างทำสะอาดแร่วูลฟราไมต์ทังสเตนสกัดบริสุทธิ์","ทังสเตนจะสะอาดแห้งคงเกล็ดแร่แกร่งพร้อมดึงดัดรูปเส้นสัญญะเตาหลอมสว่างไฟทนทานวิเศษ","น้ำ 5 ตัวทำหนืดล้อมประจุควบคุมฤทธิ์ร้อนกรดไม่ให้ระเบิดเดือดเดือดปะทุฉับพลันเตาเผาแตกสลาย"
266,"น้ำยาเฟอร์ริกคลอไรด์กัดกร่อนน้ำ 1","FeCl₃ + H₂O","Fe:1|Cl:3|H:2|O:1","เกลือเหล็กสามกัดแผงทองแดงละลายเจือจางน้ำ 1 ส่วน สูตรทำแผ่นลายปริ้นสวิสไฟเครื่องจักร","ลายปริ้นท์แผงควบคุมสวิตช์ไฟฟ้าจะทำงานแม่นยำไร้เขม่าขัดขวางลายวงจรเรียงต่อสัญญะเด่น","ไอออน Fe3+ ประจุหนาแน่นแตกตัวละลายน้ำ 1 ส่วนเข้าดึงอิเล็กตรอนแผ่นทองแดงฉับไวสลักลายลึก"
267,"น้ำยาเฟอร์ริกคลอไรด์กัดกร่อนน้ำ 2","FeCl₃ + 2H₂O","Fe:1|Cl:3|H:4|O:2","เกลือเหล็กสามกัดกรดทองแดงละลายน้ำ 2 ส่วน ป้องกันไม่ให้แผ่นทองแดงบางฉีกขาดหลุด","ช่วยประคองขอบลายเส้นวงจรเวทมนตร์หนาแน่นคมชัดสม่ำเสมอส่งพลังขับกระแสไฟแปรธาตุคงที่","น้ำ 2 ตัวโอบล้อมประจุชะลอปฏิกิริยาดึงอิเล็กตรอนช่วยถนอมแผงสวิตช์ไม้ฐานปริ้นท์ไม่กร่อนผุย"
268,"น้ำยาเฟอร์ริกคลอไรด์กัดกร่อนน้ำ 3","FeCl₃ + 3H₂O","Fe:1|Cl:3|H:6|O:3","เกลือเหล็กสามกัดทองแดงละลายน้ำ 3 สัดส่วน น้ำยาล้างกระบอกทองเหลืองปรุงหม้อเดือดพล่าน","คราบคราบดำคราบนิลเกาะผิวหม้อทองเหลืองจะเปื่อยร่วนเป่าสะอาดใสกิ๊กหม้อสว่างแวววาวตาน่าปรุง","น้ำ 3 ตัวประสานประจุล็อกความเร็วปะทะกัดกร่อนดึงคราบนิลทองเหลืองละลายไหลลื่นตกก้นท่อกวาด"
269,"น้ำยาเฟอร์ริกคลอไรด์กัดกร่อนน้ำ 4","FeCl₃ + 4H₂O","Fe:1|Cl:3|H:8|O:4","เกลือเหล็กสามละลายเจือจางน้ำ 4 โมเลกุล น้ำยาแช่ทำสะอาดคราบทองแดงพู่กันเขียนทองเหลือง","ขนแปรงพู่กันจะกลับมานุ่มเด้งสลวยพริ้วลื่นดัดง่ายปลายคมเขียนวงแหวนคาถาไม่ขาดสะดุดสายตา","น้ำ 4 ตัวลดความเป็นกรดเกลือกรดดึงประจุเหล็กช่วยถนอมโปรตีนเส้นขนพู่กันสัตว์ไม่เปื่อยร่วงหัก"
270,"น้ำยาเฟอร์ริกคลอไรด์กัดกร่อนน้ำ 5","FeCl₃ + 5H₂O","Fe:1|Cl:3|H:10|O:5","เกลือเหล็กสามสเปรย์ละลายน้ำ 5 โมเลกุล น้ำยาทำความสะอาดแผ่นผิวหนังสัตว์ถุงเก็บผงแร่อับ","ป้องกันกลิ่นสาบและเชื้อราดำเกาะผนังซองเก็บแผงแร่แห้งคงสภาพถุงเหนียวทนทานพิกัดปลอดภัย","น้ำ 5 ตัวหน่วงปฏิกิริยาทำหนืดช่วยควบประจุเหล็กสามขจัดคราบไขสัตว์ฝังลึกผิวนอกหนังสัตว์พัง"
271,"น้ำโซดาแก๊สฟองซ่าเข้มข้นน้ำ 1","CO₂ + H₂O","C:1|O:3|H:2","แก๊สคาร์บอนไดออกไซด์อัดฟองซ่าลงน้ำ 1 ส่วน ยอดน้ำโซดาซ่าส์ตาสว่างชูพลังสดชื่นกระชุ่มกระชวย","ซดดื่มชามยาสดชื่นกระปรี้กระเปร่าสมองตาสว่างลื่นลื่นปรุงยาแปรธาตุได้ฉับไวไม่เพลียเพลียหลับ","แก๊สคาร์บอนแชร์อิเล็กตรอนกับออกซิเจนและน้ำจับประจุเปลี่ยนร่างเป็นกรดคาร์บอนิกซ่าซ่าซ่า"
272,"น้ำโซดาแก๊สฟองซ่าเข้มข้นน้ำ 2","CO₂ + 2H₂O","C:1|O:4|H:4","แก๊สโซดาซ่าเจือจางน้ำ 2 ส่วน น้ำยาผสมคราบสปาโคลนหมอกพ่นฟองผิวกายคนไข้ชุ่มชื้นคืนกาย","ช่วยสลัดผิวแตกรอยย่อยสมานแผลแห้งอักเสบผิวกายเนียนนุ่มเด้งดึ๋งตึงหนึบสุขภาพผิวพรรณดี","น้ำ 2 ตัวอุ้มหน่วงประซ่าช้าคอยชะลอการคายฟอง CO2 แผ่ความเย็นลื่นผิวหนังนุ่มละมุนสบายกาย"
273,"น้ำโซดาแก๊สฟองซ่าเข้มข้นน้ำ 3","CO₂ + 3H₂O","C:1|O:5|H:6","แก๊สคาร์บอนไดออกไซด์ละลายน้ำ 3 สัดส่วน น้ำยาบำบัดรากพืชสมุนไพรสดเป่าดินร่วนซุย","ดินรอบโคนรากจะร่วนโปร่งออกซิเจนแทรกตัวง่ายพืชปรุงแร่ขึ้นยอดใบดอกส้มงามเด่นเรืองแสงเวท","น้ำ 3 ตัวประสานล้อมประจุแก๊สค่อยซึมดินช่วยดันชั้นอากาศให้ดินเปิดโปร่งลดคราบดินอัดแน่นพัง"
274,"น้ำโซดาแก๊สฟองซ่าเข้มข้นน้ำ 4","CO₂ + 4H₂O","C:1|O:6|H:8","แก๊สโซดาละลายน้ำเจือจาง 4 โมเลกุล น้ำยาพ่นเคลือบแผ่นใบหมากดินบ่มผลไม้สุกเร็วสว่าง","ใบผลไม้จะชื้นสดคุมระดับแก๊สเอทิลีนในก้อนดินผลไม้สุกงอมสีสวยเนื้อหวานฉ่ำน่ากินตาสดสวย","น้ำ 4 ตัวลดความเปรี้ยวกรดช่วยถนอมผิวนอกผลไม้เปลือกบางไม่ให้ไหม้ด่างเหลืองเปื่อยเสียหาย"
275,"น้ำโซดาแก๊สฟองซ่าเข้มข้นน้ำ 5","CO₂ + 5H₂O","C:1|O:7|H:10","แก๊สโซดาเจือจางน้ำ 5 โมเลกุล น้ำยายอดบ้วนล้างปากบรรเทาแผลร้อนในเพดานปากอักเสบหายไว","แผลร้อนในอักเสบแดงจะทุเลาปวดแผลแห้งไวตาสว่างชื่นใจซดดื่มยาสะดวกสบายปลอดภัยไร้โรคภัย","น้ำ 5 ตัวหน่วงการคายแก๊สคอยประคองประจุคาร์บอนิกอ่อนโยนทำความสะอาดแผลเยื่อเมือกได้ดีคงตัว"
276,"แก๊สไข่เน่าเจือจางละลายน้ำ 1","H₂S + H₂O","H:4|S:1|O:1","แก๊สกำมะถันไฮโดรเจนซัลไฟด์เจือจางน้ำ 1 ส่วน น้ำยาฆ่าแมลงพืชตระกูลส้มป้องใบไหม้เปื่อย","ป้องกันหนอนเจาะยอดใบแกนในส้มพวงส้มสุกสีทองเด่นรอดพ้นคราบเชื้อราได้นานทนทานสว่างไสว","ไข่เน่าแชร์อะตอมร่วมกับน้ำ 1 ส่วน ค่อยๆ ละลายแตกตัวคายแก๊สฉุนไล่แมลงพืชป่าหนีหายหมดจดราบ"
277,"แก๊สไข่เน่าเจือจางละลายน้ำ 2","H₂S + 2H₂O","H:6|S:1|O:2","แก๊สไข่เน่าละลายน้ำ 2 ส่วน น้ำยาปรับเคลือบผิวด้านนอกของแร่สังกะสีสลักป้องขึ้นคราบเกลือ","ผิวก้อนแร่สังกะสีจะเรียบใสไม่เกิดคราบผงเกลือขาวขัดขวางขัดเงากิ๊กพร้อมหลอมทำพู่กันยาวิจัย","น้ำ 2 ตัวชะลอการสลายตัวแก๊สช่วยล็อกขั้วสารประกอบซัลไฟด์ประสานผิวแร่โลหะนิ่งคงทนยาวนาน"
278,"แก๊สไข่เน่าเจือจางละลายน้ำ 3","H₂S + 3H₂O","H:8|S:1|O:3","แก๊สไข่เน่าละลายน้ำ 3 สัดส่วน น้ำยาสลักลายนิลดำโบราณบนหม้อปรุงดินเผาลายเลขาโบราณ","ลวดลายสัญญะเวทหินดำจะมีมิติคมชัดเรียบสวยงามทนต่อความร้อนจัดไม่กะเทาะกระด้างลอกพัง","น้ำ 3 ตัวประสานประจุแก๊สกำมะถันเข้าจับเคลือบผิวดินเผาทำปฏิกิริยารีดักชันเบาบางเนื้อแร่"
279,"แก๊สไข่เน่าเจือจางละลายน้ำ 4","H₂S + 4H₂O","H:10|S:1|O:4","แก๊สไข่เน่าละลายเจือจางน้ำ 4 โมเลกุล น้ำยาสเปรย์ถนอมรากเห็ดโคนเรืองแสงป้องราเน่าสลาย","เส้นใยสปอร์ราเห็ดโคนจะแกร่งเติบโตพวยสปอร์ผลิดอกบานสะพรั่งสว่างเจิดจ้าเก็บวัตถุดิบไว","น้ำ 4 ตัวลดความฉุนแก๊สช่วยถนอมโปรตีนรากเห็ดไม่ให้เน่าเปื่อยเมื่อเจอความร้อนเดือดปุดพัดโชย"
280,"แก๊สไข่เน่าเจือจางละลายน้ำ 5","H₂S + 5H₂O","H:12|S:1|O:5","แก๊สกำมะถันเจือจางน้ำละลาย 5 โมเลกุล น้ำยาแช่ทำความสะอาดคราบขี้ผงติดลวดทังสเตนสปริง","ลวดทังสเตนจะเหนียวยืดหยุ่นง่ายไม่หักกร่อนเปราะสปริงเด้งนุ่มเด้งดีปรับน้ำหนักแปรธาตุเลิศ","น้ำ 5 ตัวหน่วงการระเหยแก๊สควบคุมความหนาแน่นขั้วกำมะถันทำปฏิกิริยาเคลือบดัดรูปง่ายคงเส้น"
281,"แก๊สไข่เน่าเจือจางละลายน้ำ 6","H₂S + 6H₂O","H:14|S:1|O:6","แก๊สไข่เน่าละลายน้ำ 6 อัตราส่วน น้ำยาแช่ปรับสภาพพลองไม้เวทมนตร์ลดเชื้อราคราบอับสะสม","ไม้พลองจะแกร่งผิวลื่นควงง่ายดายไม่แตกร่วนหักเปราะพังเมื่อโดนพายุลมหนาวโบกกะพัดหนาแน่น","น้ำ 6 ตัวโอบไอออนแก๊สช่วยสยายเยื่อเซลล์ไม้ล็อกความชื้นเนื้อในทนทานแรงกดทนแรงดิ่งลึกก้น"
282,"แก๊สไข่เน่าเจือจางละลายน้ำ 7","H₂S + 7H₂O","H:16|S:1|O:7","แก๊สกำมะถันเจือจางสเปรย์น้ำ 7 โมเลกุล น้ำยาปรับคราบนิลเกาะติดหม้อต้มทองแดงเดือดฟอง","คราบคราบนิลผุกร่อนก้นหม้อจะเปื่อยลอกหลุดง่ายเผยผิวหม้อทองแดงวาวขาวใสกิ๊กน่าใช้งานสว่างวาบ","น้ำ 7 ตัวขวางขั้วประจุแก๊สช่วยคุมอัตราปฏิกิริยาสะเทินคราบอับก้นหม้อต้มล้างง่ายแสนสะดวกใจ"
283,"แก๊สไข่เน่าเจือจางละลายน้ำ 8","H₂S + 8H₂O","H:18|S:1|O:8","แก๊สไข่เน่าละลายน้ำ 8 โมเลกุล น้ำยายอดบำรุงแกนเหล็กเครื่องสั่นเสียงกระดิ่งเตือนภัยเตาหลอม","เสียงกระดิ่งสัญญาณจะใสกังวานดังสะท้อนเตือนภัยความร้อนหม้อต้มเตาส่งสัญญาณแม่นยำรวดเร็ว","น้ำ 8 ตัวทำพันธะรอบกำมะถันควบคุมเสถียรประจุคงที่ช่วยลดแรงกดทับโลหะคายเสียงสั่นสะท้อนสวย"
284,"แก๊สไข่เน่าเจือจางละลายน้ำ 9","H₂S + 9H₂O","H:20|S:1|O:9","แก๊สกำมะถันเจือจางน้ำละลาย 9 โมเลกุล น้ำยาแช่ทำสะอาดซองเครื่องมือช่างขูดสนิมคาบหนัง","ซองหนังเก็บพู่กันเครื่องมือแปรธาตุจะสะอาดแห้งนุ่มกลิ่นหอมปลอดราอันตรายใช้งานทนทานทนทาน","น้ำ 9 ตัวชะลอการเคลื่อนย้ายอิเล็กตรอนชะลอการกัดหนังช่วยย่อยคราบสนิมติดซองสลัดราบพังผุย"
285,"แก๊สไข่เน่าเจือจางละลายน้ำ 10","H₂S + 10H₂O","H:22|S:1|O:10","แก๊สไข่เน่าละลายเจือจางสูง 10 ส่วน ยอดน้ำยาปรนเปรอดินเหนียวเพาะสปอร์ป่าลึกเร่งรากงอกดก","หน่อเห็ดหน่อสมุนไพรจะงอกใบหนาดกดอกส้มสวยบานเรืองแสงสว่างวาบเร่งปรุงยาวิเศษสำเร็จเสร็จไว","น้ำ 10 ตัวหน่วงแก๊สช่วยสลับประจุบำรุงกำมะถันซัลไฟต์ชะลอปฏิกิริยาป้องกันสปอร์ป่าเน่าเหี่ยวเฉา"
286,"แก๊สโพรเพนกระป๋องเจือจางน้ำ 1","C₃H₈ + H₂O","C:3|H:10|O:1","แก๊สเชื้อเพลิงโพรเพนกระป๋องสูตรชื้นน้ำ 1 โมเลกุลล้างคราบเขม่าจุดปืนพ่นไฟเตาต้มแปรธาตุ","ปืนพ่นไฟจุดไฟเตาหลอมจะสปาร์คติดง่ายไฟสว่างสีฟ้าสดใสไม่เกิดเขม่าควันดำจับก้นหม้อปรุงยา","สายโซ่คาร์บอนแชร์ไฮโดรเจนและพ่วงจับน้ำ 1 ส่วนช่วยคุมอุณหภูมิยอดเปลวเผาไหม้สมบูรณ์เกลี้ยง"
287,"แก๊สโพรเพนกระป๋องเจือจางน้ำ 2","C₃H₈ + 2H₂O","C:3|H:12|O:2","แก๊สโพรเพนเชื้อเพลิงละลายน้ำ 2 ส่วน ป้องกันไม่ให้แก๊สระเหยพุ่งรวดเร็วปะทุดังตูมตามพัง","เปลวไฟจุดต้มยาจะนิ่งคงที่ยาวนานสม่ำเสมอชะลออัตราสิ้นเปลืองเชื้อเพลิงข้ามวันประหยัดแร่ดี","น้ำ 2 ตัวโอบประจุล้อมขอบแก๊สไฮโดรคาร์บอนลดความดันขยายตัวในกระป๋องเหล็กช่วยควบคุมไฟนิ่ง"
288,"แก๊สโพรเพนกระป๋องเจือจางน้ำ 3","C₃H₈ + 3H₂O","C:3|H:14|O:3","แก๊สโพรเพนละลายน้ำ 3 สัดส่วน น้ำยาล้างเขม่าควันเหนียวเกาะก้นกระบอกสูบสูบลมเตาหลอม","กระบอกสูบดันลมเข้าเตาหลอมจะเลื่อนนุ่มนวลลื่นไหลไม่มีฝุ่นขัดจังหวะเร่งความร้อนสตาร์ทแกร่ง","น้ำ 3 ตัวประสานลอยตัวสลับชั้นคาร์บอนช่วยย่อยคราบเหนียวหนืดเขม่าถ่านลื่นหลุดออกราบคาบวิเศษ"
289,"แก๊สโพรเพนกระป๋องเจือจางน้ำ 4","C₃H₈ + 4H₂O","C:3|H:16|O:4","แก๊สโพรเพนละลายเจือจางน้ำ 4 โมเลกุล สเปรย์ฉีดป้องกันมอดไม้และแมลงกัดเจาะฐานไม้ตู้ยา","ตู้เก็บขวดโหลแร่น้ำยาจะแกร่งเนื้อไม้ทนทานพ้นแมลงรบกวนตู้เรียบสะอาดงามตาน่าเรียนรู้ยาว","น้ำ 4 ตัวลดความไวเชื้อเพลิงอุ้มแร่วิเศษเคลือบกระจายบางเบาเป็นแผ่นฟิล์มสัญญะหนาแน่นแกร่ง"
290,"แก๊สโพรเพนกระป๋องเจือจางน้ำ 5","C₃H₈ + 5H₂O","C:3|H:18|O:5","แก๊สโพรเพนสเปรย์ละลายน้ำ 5 โมเลกุล น้ำยายอดบ้วนทำสะอาดปากขวดแก้วทดลองแตรแร่ชื้นอับ","ขัดคราบเกลือกรดแห้งเกาะฝาจุกปิดสนิทได้ง่ายเลื่อนเปิดปิดขวดปัดงานปรุงยาได้สะดวกใจพิกัดนิ่ง","น้ำ 5 ตัวทำหนืดล้อมประจุแก๊สค้างความชื้นล็อกความแน่นหนาไม่ให้ไอกรดระเหยเล็ดลอดขวดพัง"
291,"แก๊สโพรเพนกระป๋องเจือจางน้ำ 6","C₃H₈ + 6H₂O","C:3|H:20|O:6","แก๊สโพรเพนละลายน้ำ 6 อัตราส่วน น้ำยาแช่ทำสะอาดตะกั่วสายขดวงแหวนส่งไฟขจัดราอับชื้น","ขดลวดสายส่งสัญญาณกระแสไฟแบตเตอรี่จะส่งไฟได้ดีเยี่ยมขอบนำประจุสม่ำเสมอสปาร์คปืนกลดี","น้ำ 6 ตัวโอบไอออนแปรสภาพช่วยลดอุณหภูมิสลับลอกคราบเกลือตกค้างขดลวดนำไฟฟ้าเรียงลื่นเลิศ"
292,"แก๊สโพรเพนกระป๋องเจือจางน้ำ 7","C₃H₈ + 7H₂O","C:3|H:22|O:7","แก๊สโพรเพนเจือจางสเปรย์น้ำ 7 โมเลกุล น้ำยาปรับความลื่นแป้นสปริงลอยตัวหม้อต้มทองแดง","หม้อต้มแปรธาตุจะหมุนสั่นสะเทือนนุ่มนวลทรงสมดุลไม่ลื่นตกกระแทกอ่างฐานปูนพังเสียหายปัง","น้ำ 7 ตัวขวางทิศแชร์คาร์บอนลดแรงกระแทกช่วยควบคุมให้สปริงเด้งสลัดตำแหน่งสวยนุ่มนวลคงที่"
293,"แก๊สโพรเพนกระป๋องเจือจางน้ำ 8","C₃H₈ + 8H₂O","C:3|H:24|O:8","แก๊สโพรเพนละลายน้ำ 8 โมเลกุล น้ำยายอดบำรุงเคลือบผิวด้านในถังเก็บแก๊สเหล็กกล้าแกร่งดี","ป้องกันไม่ให้เกิดคราบสนิมไอชื้นกัดผิวถังเหล็กบางรั่วซึมง่ายเมื่อกักแก๊สความดันหนาแน่นสูง","น้ำ 8 ตัวทำพันธะรอบโมเลกุลโพรเพนล็อกประจุคงที่กระจายแรงเคลือบบนโลหะถังแก๊สเหนียวทนทน"
294,"แก๊สโพรเพนกระป๋องเจือจางน้ำ 9","C₃H₈ + 9H₂O","C:3|H:26|O:9","แก๊สโพรเพนเจือจางน้ำละลาย 9 โมเลกุล น้ำยาแช่ทำสะอาดซองเครื่องมือช่างสลักลบลวดลายเก่า","ซองสลักเครื่องมือแปรธาตุหนังจะอ่อนนุ่มพริ้วสัมผัสถือควงง่ายกระชับสบายกายใจลอยหมุนลื่น","น้ำ 9 ตัวสลับสายประจุกระโดดเกาะดึงโมเลกุลคราบเกลือฝุ่นละลายหลุดกวาดราบเหนียวนุ่มคงตัว"
295,"แก๊สโพรเพนกระป๋องเจือจางน้ำ 10","C₃H₈ + 10H₂O","C:3|H:28|O:10","แก๊สโพรเพนละลายเจือจางสูง 10 ส่วน ยอดน้ำยาปรับดินสมุนไพรสดโคนเร่งรากงอกดกแผ่กระจาย","รากข้าวสาลีป่ารากหัวหอมจะดึงน้ำแร่ได้ไวใบงามสวยผลิดอกส้มบานเรืองแสงสว่างปรุงยาวิเศษ","น้ำ 10 ตัวหน่วงประจุไฮโดรคาร์บอนกระจายพลังธาตุคงที่ชะลอปฏิกิริยาป้องกันพืชป่าแห้งเหี่ยว"
296,"แก๊สแอลคีน: เอทิลีนชื้นน้ำ 1","C₂H₄ + H₂O","C:2|H:6|O:1","แก๊สฮอร์โมนเอทิลีนบ่มผลไม้ดิบชื้นน้ำ 1 โมเลกุลสูตรชะลอการสุกผลไม้ไม่ให้ช้ำเปื่อยเนื้อนุ่ม","ช่วยให้เนื้อกล้วยน้ำว้ามะม่วงดิบค่อยๆ เหลืองสุกหอมหวานพอดีตัวเนื้อไม่ช้ำช้ำราขึ้นฝังแน่น","คาร์บอนแชร์พันธะคู่กับเอทิลีนและเหนี่ยวน้ำ 1 ส่วน ช่วยชะลอแก๊สระเหยบ่มผิวผลไม้อ่อนโยน"
297,"แก๊สแอลคีน: เอทิลีนชื้นน้ำ 2","C₂H₄ + 2H₂O","C:2|H:8|O:2","แก๊สเอทิลีนเจือจางละลายน้ำ 2 ส่วน น้ำยายอดถนอมสปอร์ราพืชป่าเร่งผลิตยอดใบเขียวเด้งดึ๋ง","ใบสมุนไพรเวทมนตร์จะหนาแข็งแรงดึงประจุแร่ธาตุบำรุงต้นไม้ให้งอกรากงดงามสุกเหลืองหวานดี","น้ำ 2 ตัวชะลอความเร็วการทำปฏิกิริยากับผิวพืชช่วยให้ใบไม้ค่อยดูดกลืนไอแก๊สโตนุ่มนวลสมดุล"
298,"แก๊สแอลคีน: เอทิลีนชื้นน้ำ 3","C₂H₄ + 3H₂O","C:2|H:10|O:3","แก๊สเอทิลีนละลายน้ำ 3 สัดส่วน น้ำยาล้างคราบน้ำยางเหนอะหนะขอบกรรไกรสลักใบไม้แปรธาตุ","คราบน้ำยางพืชที่ติดขอบกรรไกรจะนุ่มร่วนเช็ดกวาดหลุดง่ายขอบกรรไกรคมกริบสลักงานได้ดีเลิศ","น้ำ 3 ตัวประสานล้อมประจุไฮโดรคาร์บอนกระโดดเกลี่ยคราบเหนียวหนืดลื่นหลุดออกลงปากท่อสลาย"
299,"แก๊สแอลคีน: เอทิลีนชื้นน้ำ 4","C₂H₄ + 4H₂O","C:2|H:12|O:4","แก๊สเอทิลีนละลายเจือจางน้ำ 4 โมเลกุล น้ำยาพ่นบำรุงเส้นใยตาข่ายตักสปอร์เห็ดโคนเรืองแสง","ตาข่ายตักสปอร์จะเหนียวทนทานทนต่อแรงสั่นลมพัดกระโชกไม่ฉีกขาดหลุดกระเด็นง่ายเมื่อเก็บเกี่ยว","น้ำ 4 ตัวลดแรงดึงประจุขั้วสายช่วยยืดความยืดหยุ่นของเส้นด้ายเหนียวเหนอะลดความเปราะหักทน"
300,"แก๊สแอลคีน: เอทิลีนชื้นน้ำ 5","C₂H₄ + 5H₂O","C:2|H:14|O:5","แก๊สเอทิลีนสเปรย์ละลายน้ำ 5 โมเลกุล น้ำยายอดล้างปากถังผสมแก๊สปรุงเชื้อเพลิงเตาต้ม","ขจัดคราบเขม่าคราบถ่านดำเหนียวจับเกลียวฝาถังให้ปิดสนิทก๊าซไม่รั่วซึมจุดเตาทำงานแสนปลอดภัย","น้ำ 5 ตัวทำหนืดล้อมประจุควบคุมความดันลดระเหยขวางประกายไฟสปาร์คเตาเผาพุ่งระเบิดแตกสลาย"
